metro_id,fullaqsid,policy_id,start_date,end_date
1,360610010,32,2025-01-05,NA
1,360610056,32,2025-01-05,NA
1,360610062,32,2025-01-05,NA
1,360610117,32,2025-01-05,NA
1,360610125,32,2025-01-05,NA
1,360610128,32,2025-01-05,NA
1,360610134,32,2025-01-05,NA
1,36061NY08454,32,2025-01-05,NA
1,36061NY08552,32,2025-01-05,NA
1,36061NY09734,32,2025-01-05,NA
1,36061NY09929,32,2025-01-05,NA
1,36061NY10130,32,2025-01-05,NA
1,840360610125,32,2025-01-05,NA
1,840360610128,32,2025-01-05,NA
1,840360610134,32,2025-01-05,NA
943,ERG-A30,44,2023-08-29,NA
943,ERG-BG1,44,2023-08-29,NA
943,ERG-BG2,44,2023-08-29,NA
943,ERG-BG3,44,2023-08-29,NA
943,ERG-BL0,27,2003-02-17,2007-02-18
943,ERG-BL0,28,2021-10-25,2023-08-28
943,ERG-BL0,41,2007-02-19,2011-01-03
943,ERG-BL0,42,2011-01-04,NA
943,ERG-BL0,43,2019-04-08,2021-10-24
943,ERG-BL0,44,2023-08-29,NA
943,ERG-BN1,44,2023-08-29,NA
943,ERG-BN2,44,2023-08-29,NA
943,ERG-BN3,28,2021-10-25,2023-08-28
943,ERG-BN3,44,2023-08-29,NA
943,ERG-BP0,28,2021-10-25,2023-08-28
943,ERG-BP0,41,2007-02-19,2011-01-03
943,ERG-BP0,44,2023-08-29,NA
943,ERG-BQ5,44,2023-08-29,NA
943,ERG-BQ6,44,2023-08-29,NA
943,ERG-BQ7,44,2023-08-29,NA
943,ERG-BQ8,44,2023-08-29,NA
943,ERG-BQ9,44,2023-08-29,NA
943,ERG-BT1,44,2023-08-29,NA
943,ERG-BT2,44,2023-08-29,NA
943,ERG-BT3,28,2021-10-25,2023-08-28
943,ERG-BT3,44,2023-08-29,NA
943,ERG-BT4,44,2023-08-29,NA
943,ERG-BT5,28,2021-10-25,2023-08-28
943,ERG-BT5,44,2023-08-29,NA
943,ERG-BT6,28,2021-10-25,2023-08-28
943,ERG-BT6,44,2023-08-29,NA
943,ERG-BT7,28,2021-10-25,2023-08-28
943,ERG-BT7,44,2023-08-29,NA
943,ERG-BT8,28,2021-10-25,2023-08-28
943,ERG-BT8,44,2023-08-29,NA
943,ERG-BX0,44,2023-08-29,NA
943,ERG-BX1,44,2023-08-29,NA
943,ERG-BX2,44,2023-08-29,NA
943,ERG-BX3,44,2023-08-29,NA
943,ERG-BX4,44,2023-08-29,NA
943,ERG-BX5,44,2023-08-29,NA
943,ERG-BX6,44,2023-08-29,NA
943,ERG-BX7,44,2023-08-29,NA
943,ERG-BX8,44,2023-08-29,NA
943,ERG-BX9,44,2023-08-29,NA
943,ERG-BY1,44,2023-08-29,NA
943,ERG-BY4,44,2023-08-29,NA
943,ERG-BY5,44,2023-08-29,NA
943,ERG-BY7,44,2023-08-29,NA
943,ERG-CD1,28,2021-10-25,2023-08-28
943,ERG-CD1,44,2023-08-29,NA
943,ERG-CD3,27,2003-02-17,2007-02-18
943,ERG-CD3,28,2021-10-25,2023-08-28
943,ERG-CD3,41,2007-02-19,2011-01-03
943,ERG-CD3,42,2011-01-04,NA
943,ERG-CD3,43,2019-04-08,2021-10-24
943,ERG-CD3,44,2023-08-29,NA
943,ERG-CD4,27,2003-02-17,2007-02-18
943,ERG-CD4,28,2021-10-25,2023-08-28
943,ERG-CD4,41,2007-02-19,2011-01-03
943,ERG-CD4,42,2011-01-04,NA
943,ERG-CD4,43,2019-04-08,2021-10-24
943,ERG-CD4,44,2023-08-29,NA
943,ERG-CD5,27,2003-02-17,2007-02-18
943,ERG-CD5,28,2021-10-25,2023-08-28
943,ERG-CD5,41,2007-02-19,2011-01-03
943,ERG-CD5,42,2011-01-04,NA
943,ERG-CD5,43,2019-04-08,2021-10-24
943,ERG-CD5,44,2023-08-29,NA
943,ERG-CD9,28,2021-10-25,2023-08-28
943,ERG-CD9,44,2023-08-29,NA
943,ERG-CE1,27,2003-02-17,2007-02-18
943,ERG-CE1,28,2021-10-25,2023-08-28
943,ERG-CE1,41,2007-02-19,2011-01-03
943,ERG-CE1,42,2011-01-04,NA
943,ERG-CE1,43,2019-04-08,2021-10-24
943,ERG-CE1,44,2023-08-29,NA
943,ERG-CE2,27,2003-02-17,2007-02-18
943,ERG-CE2,28,2021-10-25,2023-08-28
943,ERG-CE2,41,2007-02-19,2011-01-03
943,ERG-CE2,42,2011-01-04,NA
943,ERG-CE2,43,2019-04-08,2021-10-24
943,ERG-CE2,44,2023-08-29,NA
943,ERG-CE3,27,2003-02-17,2007-02-18
943,ERG-CE3,28,2021-10-25,2023-08-28
943,ERG-CE3,41,2007-02-19,2011-01-03
943,ERG-CE3,42,2011-01-04,NA
943,ERG-CE3,43,2019-04-08,2021-10-24
943,ERG-CE3,44,2023-08-29,NA
943,ERG-CR2,44,2023-08-29,NA
943,ERG-CR3,44,2023-08-29,NA
943,ERG-CR4,44,2023-08-29,NA
943,ERG-CR5,44,2023-08-29,NA
943,ERG-CR6,44,2023-08-29,NA
943,ERG-CR7,44,2023-08-29,NA
943,ERG-CR8,44,2023-08-29,NA
943,ERG-CR9,44,2023-08-29,NA
943,ERG-CT1,27,2003-02-17,2007-02-18
943,ERG-CT1,28,2021-10-25,2023-08-28
943,ERG-CT1,41,2007-02-19,2011-01-03
943,ERG-CT1,42,2011-01-04,NA
943,ERG-CT1,43,2019-04-08,2021-10-24
943,ERG-CT1,44,2023-08-29,NA
943,ERG-CT2,27,2003-02-17,2007-02-18
943,ERG-CT2,28,2021-10-25,2023-08-28
943,ERG-CT2,41,2007-02-19,2011-01-03
943,ERG-CT2,42,2011-01-04,NA
943,ERG-CT2,43,2019-04-08,2021-10-24
943,ERG-CT2,44,2023-08-29,NA
943,ERG-CT3,27,2003-02-17,2007-02-18
943,ERG-CT3,28,2021-10-25,2023-08-28
943,ERG-CT3,41,2007-02-19,2011-01-03
943,ERG-CT3,42,2011-01-04,NA
943,ERG-CT3,43,2019-04-08,2021-10-24
943,ERG-CT3,44,2023-08-29,NA
943,ERG-CT4,27,2003-02-17,2007-02-18
943,ERG-CT4,28,2021-10-25,2023-08-28
943,ERG-CT4,41,2007-02-19,2011-01-03
943,ERG-CT4,42,2011-01-04,NA
943,ERG-CT4,43,2019-04-08,2021-10-24
943,ERG-CT4,44,2023-08-29,NA
943,ERG-CT6,27,2003-02-17,2007-02-18
943,ERG-CT6,28,2021-10-25,2023-08-28
943,ERG-CT6,41,2007-02-19,2011-01-03
943,ERG-CT6,42,2011-01-04,NA
943,ERG-CT6,43,2019-04-08,2021-10-24
943,ERG-CT6,44,2023-08-29,NA
943,ERG-CT8,27,2003-02-17,2007-02-18
943,ERG-CT8,28,2021-10-25,2023-08-28
943,ERG-CT8,41,2007-02-19,2011-01-03
943,ERG-CT8,42,2011-01-04,NA
943,ERG-CT8,43,2019-04-08,2021-10-24
943,ERG-CT8,44,2023-08-29,NA
943,ERG-CT9,27,2003-02-17,2007-02-18
943,ERG-CT9,28,2021-10-25,2023-08-28
943,ERG-CT9,41,2007-02-19,2011-01-03
943,ERG-CT9,42,2011-01-04,NA
943,ERG-CT9,43,2019-04-08,2021-10-24
943,ERG-CT9,44,2023-08-29,NA
943,ERG-CTA,27,2003-02-17,2007-02-18
943,ERG-CTA,28,2021-10-25,2023-08-28
943,ERG-CTA,41,2007-02-19,2011-01-03
943,ERG-CTA,42,2011-01-04,NA
943,ERG-CTA,43,2019-04-08,2021-10-24
943,ERG-CTA,44,2023-08-29,NA
943,ERG-CW3,28,2021-10-25,2023-08-28
943,ERG-CW3,44,2023-08-29,NA
943,ERG-CY1,44,2023-08-29,NA
943,ERG-EA0,28,2021-10-25,2023-08-28
943,ERG-EA0,44,2023-08-29,NA
943,ERG-EA1,44,2023-08-29,NA
943,ERG-EA2,28,2021-10-25,2023-08-28
943,ERG-EA2,44,2023-08-29,NA
943,ERG-EA6,28,2021-10-25,2023-08-28
943,ERG-EA6,44,2023-08-29,NA
943,ERG-EA7,44,2023-08-29,NA
943,ERG-EA8,28,2021-10-25,2023-08-28
943,ERG-EA8,44,2023-08-29,NA
943,ERG-EA9,28,2021-10-25,2023-08-28
943,ERG-EA9,44,2023-08-29,NA
943,ERG-EG1,28,2021-10-25,2023-08-28
943,ERG-EG1,44,2023-08-29,NA
943,ERG-EI0,44,2023-08-29,NA
943,ERG-EI1,28,2021-10-25,2023-08-28
943,ERG-EI1,44,2023-08-29,NA
943,ERG-EI2,44,2023-08-29,NA
943,ERG-EI3,28,2021-10-25,2023-08-28
943,ERG-EI3,44,2023-08-29,NA
943,ERG-EI7,44,2023-08-29,NA
943,ERG-EI8,28,2021-10-25,2023-08-28
943,ERG-EI8,44,2023-08-29,NA
943,ERG-EN1,44,2023-08-29,NA
943,ERG-EN2,44,2023-08-29,NA
943,ERG-EN3,44,2023-08-29,NA
943,ERG-EN4,44,2023-08-29,NA
943,ERG-EN5,28,2021-10-25,2023-08-28
943,ERG-EN5,44,2023-08-29,NA
943,ERG-EN7,44,2023-08-29,NA
943,ERG-GB0,44,2023-08-29,NA
943,ERG-GB6,44,2023-08-29,NA
943,ERG-GN0,44,2023-08-29,NA
943,ERG-GN2,28,2021-10-25,2023-08-28
943,ERG-GN2,44,2023-08-29,NA
943,ERG-GN3,44,2023-08-29,NA
943,ERG-GN4,44,2023-08-29,NA
943,ERG-GN5,28,2021-10-25,2023-08-28
943,ERG-GN5,44,2023-08-29,NA
943,ERG-GN6,28,2021-10-25,2023-08-28
943,ERG-GN6,44,2023-08-29,NA
943,ERG-GR4,44,2023-08-29,NA
943,ERG-GR5,28,2021-10-25,2023-08-28
943,ERG-GR5,44,2023-08-29,NA
943,ERG-GR7,28,2021-10-25,2023-08-28
943,ERG-GR7,44,2023-08-29,NA
943,ERG-GR8,28,2021-10-25,2023-08-28
943,ERG-GR8,44,2023-08-29,NA
943,ERG-GR9,28,2021-10-25,2023-08-28
943,ERG-GR9,44,2023-08-29,NA
943,ERG-GT1,28,2021-10-25,2023-08-28
943,ERG-GT1,41,2007-02-19,2011-01-03
943,ERG-GT1,44,2023-08-29,NA
943,ERG-GV1,28,2021-10-25,2023-08-28
943,ERG-GV1,41,2007-02-19,2011-01-03
943,ERG-GV1,44,2023-08-29,NA
943,ERG-GV2,27,2003-02-17,2007-02-18
943,ERG-GV2,28,2021-10-25,2023-08-28
943,ERG-GV2,41,2007-02-19,2011-01-03
943,ERG-GV2,42,2011-01-04,NA
943,ERG-GV2,43,2019-04-08,2021-10-24
943,ERG-GV2,44,2023-08-29,NA
943,ERG-HF1,28,2021-10-25,2023-08-28
943,ERG-HF1,44,2023-08-29,NA
943,ERG-HF2,28,2021-10-25,2023-08-28
943,ERG-HF2,44,2023-08-29,NA
943,ERG-HF3,28,2021-10-25,2023-08-28
943,ERG-HF3,44,2023-08-29,NA
943,ERG-HF4,28,2021-10-25,2023-08-28
943,ERG-HF4,44,2023-08-29,NA
943,ERG-HG1,28,2021-10-25,2023-08-28
943,ERG-HG1,44,2023-08-29,NA
943,ERG-HG2,28,2021-10-25,2023-08-28
943,ERG-HG2,44,2023-08-29,NA
943,ERG-HG3,28,2021-10-25,2023-08-28
943,ERG-HG3,44,2023-08-29,NA
943,ERG-HG4,28,2021-10-25,2023-08-28
943,ERG-HG4,44,2023-08-29,NA
943,ERG-HI0,44,2023-08-29,NA
943,ERG-HI1,44,2023-08-29,NA
943,ERG-HI2,44,2023-08-29,NA
943,ERG-HI3,44,2023-08-29,NA
943,ERG-HK4,28,2021-10-25,2023-08-28
943,ERG-HK4,44,2023-08-29,NA
943,ERG-HK6,28,2021-10-25,2023-08-28
943,ERG-HK6,44,2023-08-29,NA
943,ERG-HK9,28,2021-10-25,2023-08-28
943,ERG-HK9,44,2023-08-29,NA
943,ERG-HN0,28,2021-10-25,2023-08-28
943,ERG-HN0,44,2023-08-29,NA
943,ERG-HN1,28,2021-10-25,2023-08-28
943,ERG-HN1,44,2023-08-29,NA
943,ERG-HP1,28,2021-10-25,2023-08-28
943,ERG-HP1,44,2023-08-29,NA
943,ERG-HR1,44,2023-08-29,NA
943,ERG-HR2,44,2023-08-29,NA
943,ERG-HS1,44,2023-08-29,NA
943,ERG-HS2,44,2023-08-29,NA
943,ERG-HS3,44,2023-08-29,NA
943,ERG-HS4,28,2021-10-25,2023-08-28
943,ERG-HS4,44,2023-08-29,NA
943,ERG-HS5,44,2023-08-29,NA
943,ERG-HS6,44,2023-08-29,NA
943,ERG-HS7,44,2023-08-29,NA
943,ERG-HS8,28,2021-10-25,2023-08-28
943,ERG-HS8,44,2023-08-29,NA
943,ERG-HS9,44,2023-08-29,NA
943,ERG-HV1,44,2023-08-29,NA
943,ERG-HV2,44,2023-08-29,NA
943,ERG-HV3,44,2023-08-29,NA
943,ERG-IM1,27,2003-02-17,2007-02-18
943,ERG-IM1,28,2021-10-25,2023-08-28
943,ERG-IM1,41,2007-02-19,2011-01-03
943,ERG-IM1,42,2011-01-04,NA
943,ERG-IM1,43,2019-04-08,2021-10-24
943,ERG-IM1,44,2023-08-29,NA
943,ERG-IS1,28,2021-10-25,2023-08-28
943,ERG-IS1,44,2023-08-29,NA
943,ERG-IS2,28,2021-10-25,2023-08-28
943,ERG-IS2,44,2023-08-29,NA
943,ERG-IS4,28,2021-10-25,2023-08-28
943,ERG-IS4,44,2023-08-29,NA
943,ERG-IS5,28,2021-10-25,2023-08-28
943,ERG-IS5,44,2023-08-29,NA
943,ERG-IS6,28,2021-10-25,2023-08-28
943,ERG-IS6,44,2023-08-29,NA
943,ERG-KC1,28,2021-10-25,2023-08-28
943,ERG-KC1,41,2007-02-19,2011-01-03
943,ERG-KC1,44,2023-08-29,NA
943,ERG-KC2,28,2021-10-25,2023-08-28
943,ERG-KC2,41,2007-02-19,2011-01-03
943,ERG-KC2,44,2023-08-29,NA
943,ERG-KC3,28,2021-10-25,2023-08-28
943,ERG-KC3,41,2007-02-19,2011-01-03
943,ERG-KC3,44,2023-08-29,NA
943,ERG-KC4,28,2021-10-25,2023-08-28
943,ERG-KC4,41,2007-02-19,2011-01-03
943,ERG-KC4,44,2023-08-29,NA
943,ERG-KC5,28,2021-10-25,2023-08-28
943,ERG-KC5,44,2023-08-29,NA
943,ERG-KC7,28,2021-10-25,2023-08-28
943,ERG-KC7,41,2007-02-19,2011-01-03
943,ERG-KC7,44,2023-08-29,NA
943,ERG-KF1,28,2021-10-25,2023-08-28
943,ERG-KF1,41,2007-02-19,2011-01-03
943,ERG-KF1,44,2023-08-29,NA
943,ERG-KG1,28,2021-10-25,2023-08-28
943,ERG-KG1,44,2023-08-29,NA
943,ERG-KG2,28,2021-10-25,2023-08-28
943,ERG-KG2,44,2023-08-29,NA
943,ERG-KT1,44,2023-08-29,NA
943,ERG-KT2,44,2023-08-29,NA
943,ERG-KT3,44,2023-08-29,NA
943,ERG-KT4,44,2023-08-29,NA
943,ERG-KT5,44,2023-08-29,NA
943,ERG-KT6,44,2023-08-29,NA
943,ERG-KX4,28,2021-10-25,2023-08-28
943,ERG-KX4,44,2023-08-29,NA
943,ERG-LB1,44,2023-08-29,NA
943,ERG-LB2,28,2021-10-25,2023-08-28
943,ERG-LB2,44,2023-08-29,NA
943,ERG-LB3,28,2021-10-25,2023-08-28
943,ERG-LB3,44,2023-08-29,NA
943,ERG-LB4,28,2021-10-25,2023-08-28
943,ERG-LB4,44,2023-08-29,NA
943,ERG-LB5,28,2021-10-25,2023-08-28
943,ERG-LB5,44,2023-08-29,NA
943,ERG-LB6,44,2023-08-29,NA
943,ERG-LH0,44,2023-08-29,NA
943,ERG-LH2,44,2023-08-29,NA
943,ERG-LW1,28,2021-10-25,2023-08-28
943,ERG-LW1,44,2023-08-29,NA
943,ERG-LW2,28,2021-10-25,2023-08-28
943,ERG-LW2,44,2023-08-29,NA
943,ERG-LW3,28,2021-10-25,2023-08-28
943,ERG-LW3,44,2023-08-29,NA
943,ERG-LW4,28,2021-10-25,2023-08-28
943,ERG-LW4,44,2023-08-29,NA
943,ERG-LW5,28,2021-10-25,2023-08-28
943,ERG-LW5,44,2023-08-29,NA
943,ERG-LW6,44,2023-08-29,NA
943,ERG-ME1,44,2023-08-29,NA
943,ERG-ME2,44,2023-08-29,NA
943,ERG-ME7,44,2023-08-29,NA
943,ERG-ME9,44,2023-08-29,NA
943,ERG-MEA,44,2023-08-29,NA
943,ERG-MEB,44,2023-08-29,NA
943,ERG-MR8,28,2021-10-25,2023-08-28
943,ERG-MR8,41,2007-02-19,2011-01-03
943,ERG-MR8,42,2011-01-04,NA
943,ERG-MR8,44,2023-08-29,NA
943,ERG-MY1,28,2021-10-25,2023-08-28
943,ERG-MY1,41,2007-02-19,2011-01-03
943,ERG-MY1,42,2011-01-04,NA
943,ERG-MY1,44,2023-08-29,NA
943,ERG-MY7,28,2021-10-25,2023-08-28
943,ERG-MY7,41,2007-02-19,2011-01-03
943,ERG-MY7,42,2011-01-04,NA
943,ERG-MY7,44,2023-08-29,NA
943,ERG-NB1,27,2003-02-17,2007-02-18
943,ERG-NB1,28,2021-10-25,2023-08-28
943,ERG-NB1,41,2007-02-19,2011-01-03
943,ERG-NB1,42,2011-01-04,NA
943,ERG-NB1,43,2019-04-08,2021-10-24
943,ERG-NB1,44,2023-08-29,NA
943,ERG-NM1,28,2021-10-25,2023-08-28
943,ERG-NM1,44,2023-08-29,NA
943,ERG-NM2,28,2021-10-25,2023-08-28
943,ERG-NM2,44,2023-08-29,NA
943,ERG-NM3,28,2021-10-25,2023-08-28
943,ERG-NM3,44,2023-08-29,NA
943,ERG-NM4,28,2021-10-25,2023-08-28
943,ERG-NM4,44,2023-08-29,NA
943,ERG-RB1,44,2023-08-29,NA
943,ERG-RB2,44,2023-08-29,NA
943,ERG-RB4,28,2021-10-25,2023-08-28
943,ERG-RB4,44,2023-08-29,NA
943,ERG-RB5,44,2023-08-29,NA
943,ERG-RB7,44,2023-08-29,NA
943,ERG-RHG,44,2023-08-29,NA
943,ERG-RHI,44,2023-08-29,NA
943,ERG-RI1,28,2021-10-25,2023-08-28
943,ERG-RI1,44,2023-08-29,NA
943,ERG-RI2,28,2021-10-25,2023-08-28
943,ERG-RI2,44,2023-08-29,NA
943,ERG-SK1,28,2021-10-25,2023-08-28
943,ERG-SK1,44,2023-08-29,NA
943,ERG-SK2,28,2021-10-25,2023-08-28
943,ERG-SK2,44,2023-08-29,NA
943,ERG-SK5,28,2021-10-25,2023-08-28
943,ERG-SK5,44,2023-08-29,NA
943,ERG-SK6,27,2003-02-17,2007-02-18
943,ERG-SK6,28,2021-10-25,2023-08-28
943,ERG-SK6,41,2007-02-19,2011-01-03
943,ERG-SK6,42,2011-01-04,NA
943,ERG-SK6,43,2019-04-08,2021-10-24
943,ERG-SK6,44,2023-08-29,NA
943,ERG-SK7,28,2021-10-25,2023-08-28
943,ERG-SK7,44,2023-08-29,NA
943,ERG-SK8,28,2021-10-25,2023-08-28
943,ERG-SK8,41,2007-02-19,2011-01-03
943,ERG-SK8,42,2011-01-04,NA
943,ERG-SK8,44,2023-08-29,NA
943,ERG-SK9,28,2021-10-25,2023-08-28
943,ERG-SK9,44,2023-08-29,NA
943,ERG-SKA,28,2021-10-25,2023-08-28
943,ERG-SKA,44,2023-08-29,NA
943,ERG-SKB,28,2021-10-25,2023-08-28
943,ERG-SKB,44,2023-08-29,NA
943,ERG-SKC,28,2021-10-25,2023-08-28
943,ERG-SKC,44,2023-08-29,NA
943,ERG-ST1,44,2023-08-29,NA
943,ERG-ST2,44,2023-08-29,NA
943,ERG-ST3,44,2023-08-29,NA
943,ERG-ST4,44,2023-08-29,NA
943,ERG-ST5,44,2023-08-29,NA
943,ERG-ST7,44,2023-08-29,NA
943,ERG-ST8,44,2023-08-29,NA
943,ERG-ST9,44,2023-08-29,NA
943,ERG-TD0,44,2023-08-29,NA
943,ERG-TD5,44,2023-08-29,NA
943,ERG-TH1,28,2021-10-25,2023-08-28
943,ERG-TH1,44,2023-08-29,NA
943,ERG-TH2,28,2021-10-25,2023-08-28
943,ERG-TH2,44,2023-08-29,NA
943,ERG-TH3,28,2021-10-25,2023-08-28
943,ERG-TH3,44,2023-08-29,NA
943,ERG-TH4,28,2021-10-25,2023-08-28
943,ERG-TH4,44,2023-08-29,NA
943,ERG-TH5,28,2021-10-25,2023-08-28
943,ERG-TH5,44,2023-08-29,NA
943,ERG-TH6,28,2021-10-25,2023-08-28
943,ERG-TH6,44,2023-08-29,NA
943,ERG-TH7,28,2021-10-25,2023-08-28
943,ERG-TH7,44,2023-08-29,NA
943,ERG-TL4,28,2021-10-25,2023-08-28
943,ERG-TL4,44,2023-08-29,NA
943,ERG-TL5,28,2021-10-25,2023-08-28
943,ERG-TL5,44,2023-08-29,NA
943,ERG-TL6,28,2021-10-25,2023-08-28
943,ERG-TL6,44,2023-08-29,NA
943,ERG-VS1,27,2003-02-17,2007-02-18
943,ERG-VS1,28,2021-10-25,2023-08-28
943,ERG-VS1,41,2007-02-19,2011-01-03
943,ERG-VS1,42,2011-01-04,NA
943,ERG-VS1,43,2019-04-08,2021-10-24
943,ERG-VS1,44,2023-08-29,NA
943,ERG-WA1,44,2023-08-29,NA
943,ERG-WA2,28,2021-10-25,2023-08-28
943,ERG-WA2,44,2023-08-29,NA
943,ERG-WA3,44,2023-08-29,NA
943,ERG-WA4,44,2023-08-29,NA
943,ERG-WA6,44,2023-08-29,NA
943,ERG-WA7,28,2021-10-25,2023-08-28
943,ERG-WA7,44,2023-08-29,NA
943,ERG-WA8,28,2021-10-25,2023-08-28
943,ERG-WA8,44,2023-08-29,NA
943,ERG-WA9,28,2021-10-25,2023-08-28
943,ERG-WA9,44,2023-08-29,NA
943,ERG-WAA,28,2021-10-25,2023-08-28
943,ERG-WAA,44,2023-08-29,NA
943,ERG-WAB,44,2023-08-29,NA
943,ERG-WAC,28,2021-10-25,2023-08-28
943,ERG-WAC,44,2023-08-29,NA
943,ERG-WE0,28,2021-10-25,2023-08-28
943,ERG-WE0,44,2023-08-29,NA
943,ERG-WL1,28,2021-10-25,2023-08-28
943,ERG-WL1,44,2023-08-29,NA
943,ERG-WL2,28,2021-10-25,2023-08-28
943,ERG-WL2,44,2023-08-29,NA
943,ERG-WL3,44,2023-08-29,NA
943,ERG-WL4,44,2023-08-29,NA
943,ERG-WL5,28,2021-10-25,2023-08-28
943,ERG-WL5,44,2023-08-29,NA
943,ERG-WM0,27,2003-02-17,2007-02-18
943,ERG-WM0,28,2021-10-25,2023-08-28
943,ERG-WM0,41,2007-02-19,2011-01-03
943,ERG-WM0,42,2011-01-04,NA
943,ERG-WM0,43,2019-04-08,2021-10-24
943,ERG-WM0,44,2023-08-29,NA
943,ERG-WM4,27,2003-02-17,2007-02-18
943,ERG-WM4,28,2021-10-25,2023-08-28
943,ERG-WM4,41,2007-02-19,2011-01-03
943,ERG-WM4,42,2011-01-04,NA
943,ERG-WM4,43,2019-04-08,2021-10-24
943,ERG-WM4,44,2023-08-29,NA
943,ERG-WM5,27,2003-02-17,2007-02-18
943,ERG-WM5,28,2021-10-25,2023-08-28
943,ERG-WM5,41,2007-02-19,2011-01-03
943,ERG-WM5,42,2011-01-04,NA
943,ERG-WM5,43,2019-04-08,2021-10-24
943,ERG-WM5,44,2023-08-29,NA
943,ERG-WM6,27,2003-02-17,2007-02-18
943,ERG-WM6,28,2021-10-25,2023-08-28
943,ERG-WM6,41,2007-02-19,2011-01-03
943,ERG-WM6,42,2011-01-04,NA
943,ERG-WM6,43,2019-04-08,2021-10-24
943,ERG-WM6,44,2023-08-29,NA
943,ERG-WM8,28,2021-10-25,2023-08-28
943,ERG-WM8,41,2007-02-19,2011-01-03
943,ERG-WM8,44,2023-08-29,NA
943,ERG-WM9,28,2021-10-25,2023-08-28
943,ERG-WM9,41,2007-02-19,2011-01-03
943,ERG-WM9,44,2023-08-29,NA
943,ERG-WMA,28,2021-10-25,2023-08-28
943,ERG-WMA,41,2007-02-19,2011-01-03
943,ERG-WMA,44,2023-08-29,NA
943,ERG-WMB,27,2003-02-17,2007-02-18
943,ERG-WMB,28,2021-10-25,2023-08-28
943,ERG-WMB,41,2007-02-19,2011-01-03
943,ERG-WMB,42,2011-01-04,NA
943,ERG-WMB,43,2019-04-08,2021-10-24
943,ERG-WMB,44,2023-08-29,NA
943,ERG-WMC,27,2003-02-17,2007-02-18
943,ERG-WMC,28,2021-10-25,2023-08-28
943,ERG-WMC,41,2007-02-19,2011-01-03
943,ERG-WMC,42,2011-01-04,NA
943,ERG-WMC,43,2019-04-08,2021-10-24
943,ERG-WMC,44,2023-08-29,NA
943,ERG-WMD,28,2021-10-25,2023-08-28
943,ERG-WMD,41,2007-02-19,2011-01-03
943,ERG-WMD,44,2023-08-29,NA
943,ERG-WME,28,2021-10-25,2023-08-28
943,ERG-WME,44,2023-08-29,NA
943,ERG-WMZ,27,2003-02-17,2007-02-18
943,ERG-WMZ,28,2021-10-25,2023-08-28
943,ERG-WMZ,41,2007-02-19,2011-01-03
943,ERG-WMZ,42,2011-01-04,NA
943,ERG-WMZ,43,2019-04-08,2021-10-24
943,ERG-WMZ,44,2023-08-29,NA
943,GBR_GB0566A,27,2003-02-17,2007-02-18
943,GBR_GB0566A,28,2021-10-25,2023-08-28
943,GBR_GB0566A,41,2007-02-19,2011-01-03
943,GBR_GB0566A,42,2011-01-04,NA
943,GBR_GB0566A,43,2019-04-08,2021-10-24
943,GBR_GB0566A,44,2023-08-29,NA
943,GBR_GB0586A,44,2023-08-29,NA
943,GBR_GB0608A,44,2023-08-29,NA
943,GBR_GB0620A,28,2021-10-25,2023-08-28
943,GBR_GB0620A,41,2007-02-19,2011-01-03
943,GBR_GB0620A,44,2023-08-29,NA
943,GBR_GB0636A,28,2021-10-25,2023-08-28
943,GBR_GB0636A,44,2023-08-29,NA
943,GBR_GB0637A,28,2021-10-25,2023-08-28
943,GBR_GB0637A,44,2023-08-29,NA
943,GBR_GB0644A,44,2023-08-29,NA
943,GBR_GB0682A,28,2021-10-25,2023-08-28
943,GBR_GB0682A,41,2007-02-19,2011-01-03
943,GBR_GB0682A,42,2011-01-04,NA
943,GBR_GB0682A,44,2023-08-29,NA
943,GBR_GB0743A,27,2003-02-17,2007-02-18
943,GBR_GB0743A,28,2021-10-25,2023-08-28
943,GBR_GB0743A,41,2007-02-19,2011-01-03
943,GBR_GB0743A,42,2011-01-04,NA
943,GBR_GB0743A,43,2019-04-08,2021-10-24
943,GBR_GB0743A,44,2023-08-29,NA
943,GBR_GB0837A,44,2023-08-29,NA
943,GBR_GB0959A,44,2023-08-29,NA
943,GBR_GB1025A,44,2023-08-29,NA
943,GBR_GB1098A,28,2021-10-25,2023-08-28
943,GBR_GB1098A,44,2023-08-29,NA
949,SWE_SE0003A,39,2007-08-01,NA
949,SWE_SE0003A,58,2006-01-03,2006-07-31
949,SWE_SE0022A,39,2007-08-01,NA
949,SWE_SE0022A,58,2006-01-03,2006-07-31
949,SWE_SE0027A,39,2007-08-01,NA
949,SWE_SE0027A,58,2006-01-03,2006-07-31
949,SWE_SE0050A,39,2007-08-01,NA
949,SWE_SE0050A,58,2006-01-03,2006-07-31
949,SWE_SE0084A,39,2007-08-01,NA
949,SWE_SE0084A,58,2006-01-03,2006-07-31
949,SWE_SE0087A,39,2007-08-01,NA
949,SWE_SE0087A,58,2006-01-03,2006-07-31
949,SWE_SE0099A,39,2007-08-01,NA
949,SWE_SE0099A,58,2006-01-03,2006-07-31
949,SWE_SE157992,39,2007-08-01,NA
949,SWE_SE157992,58,2006-01-03,2006-07-31
949,SWE_SE344260,39,2007-08-01,NA
949,SWE_SE344260,58,2006-01-03,2006-07-31
950,ITA_IT1016A,36,2012-01-16,NA
955,702NEA000003,25,1998-09-01,NA
955,SGNEA-SOUTH,25,1998-09-01,NA
956,NOR_NO0011A,62,1990-02-01,2017-09-30
956,NOR_NO0011A,63,2017-10-01,2019-05-31
956,NOR_NO0011A,64,2019-06-01,NA
956,NOR_NO0057A,62,1990-02-01,2017-09-30
956,NOR_NO0057A,63,2017-10-01,2019-05-31
956,NOR_NO0057A,64,2019-06-01,NA
956,NOR_NO0058A,62,1990-02-01,2017-09-30
956,NOR_NO0058A,63,2017-10-01,2019-05-31
956,NOR_NO0058A,64,2019-06-01,NA
956,NOR_NO0071A,62,1990-02-01,2017-09-30
956,NOR_NO0071A,63,2017-10-01,2019-05-31
956,NOR_NO0071A,64,2019-06-01,NA
956,NOR_NO0072A,62,1990-02-01,2017-09-30
956,NOR_NO0072A,63,2017-10-01,2019-05-31
956,NOR_NO0072A,64,2019-06-01,NA
956,NOR_NO0073A,62,1990-02-01,2017-09-30
956,NOR_NO0073A,63,2017-10-01,2019-05-31
956,NOR_NO0073A,64,2019-06-01,NA
956,NOR_NO0083A,62,1990-02-01,2017-09-30
956,NOR_NO0083A,63,2017-10-01,2019-05-31
956,NOR_NO0083A,64,2019-06-01,NA
956,NOR_NO0093A,62,1990-02-01,2017-09-30
956,NOR_NO0093A,63,2017-10-01,2019-05-31
956,NOR_NO0093A,64,2019-06-01,NA
956,NOR_NO0095A,62,1990-02-01,2017-09-30
956,NOR_NO0095A,63,2017-10-01,2019-05-31
956,NOR_NO0095A,64,2019-06-01,NA
956,NOR_NO0101A,62,1990-02-01,2017-09-30
956,NOR_NO0101A,63,2017-10-01,2019-05-31
956,NOR_NO0101A,64,2019-06-01,NA
956,NOR_NO0122A,62,1990-02-01,2017-09-30
956,NOR_NO0122A,63,2017-10-01,2019-05-31
956,NOR_NO0122A,64,2019-06-01,NA
956,NOR_NO0132A,62,1990-02-01,2017-09-30
956,NOR_NO0132A,63,2017-10-01,2019-05-31
956,NOR_NO0132A,64,2019-06-01,NA
956,NOR_NO0140A,62,1990-02-01,2017-09-30
956,NOR_NO0140A,63,2017-10-01,2019-05-31
956,NOR_NO0140A,64,2019-06-01,NA
956,NOR_NO0143A,62,1990-02-01,2017-09-30
956,NOR_NO0143A,63,2017-10-01,2019-05-31
956,NOR_NO0143A,64,2019-06-01,NA
956,NOR_NO0146A,62,1990-02-01,2017-09-30
956,NOR_NO0146A,63,2017-10-01,2019-05-31
956,NOR_NO0146A,64,2019-06-01,NA
956,NOR_NO0149A,62,1990-02-01,2017-09-30
956,NOR_NO0149A,63,2017-10-01,2019-05-31
956,NOR_NO0149A,64,2019-06-01,NA
956,NOR_NO0150A,62,1990-02-01,2017-09-30
956,NOR_NO0150A,63,2017-10-01,2019-05-31
956,NOR_NO0150A,64,2019-06-01,NA
956,NOR_NO0152A,62,1990-02-01,2017-09-30
956,NOR_NO0152A,63,2017-10-01,2019-05-31
956,NOR_NO0152A,64,2019-06-01,NA
956,NOR_NO0155A,62,1990-02-01,2017-09-30
956,NOR_NO0155A,63,2017-10-01,2019-05-31
956,NOR_NO0155A,64,2019-06-01,NA
957,SWE_SE0004A,61,2013-01-01,NA
957,SWE_SE0021A,61,2013-01-01,NA
957,SWE_SE0067A,61,2013-01-01,NA
957,SWE_SE274590,61,2013-01-01,NA
958,NOR_NO0015A,65,1986-01-02,2018-12-31
958,NOR_NO0015A,66,2019-01-01,NA
958,NOR_NO0059A,66,2019-01-01,NA
958,NOR_NO0108A,66,2019-01-01,NA
958,NOR_NO0109A,66,2019-01-01,NA
958,NOR_NO0120A,66,2019-01-01,NA
