metro_id,fullaqsid,date,aq_daily_mean,temp_daily_mean,rhum_daily_mean,precip_daily_mean,ws_daily_mean,wd_daily_mean_deg,barpr_daily_mean,population,bg3,sat_monthly_mean,metro_pop_density_year,dist_km_motorway_trunk_primary_secondary,partition_key
334,090030025,2024-09-12,6.54,18.67,70.67,0,1.76,195.38,1023.83,2434.92,4.15,8.31,290.0,1.815,PM2.5-1HR
334,090031003,2024-09-12,5.03,18.67,70.67,0,1.76,195.38,1023.83,1396.69,4.15,8.31,290.0,2.386,PM2.5-1HR
334,090030025,2024-09-13,7.32,20.03,71.75,0,1.22,200.39,1023.63,2434.92,4.3,8.52,290.0,1.815,PM2.5-1HR
334,090031003,2024-09-13,5.73,20.03,71.75,0,1.22,200.39,1023.63,1396.69,4.3,8.52,290.0,2.386,PM2.5-1HR
334,090030025,2024-09-14,9.31,21.3,72.29,0,1.95,34.93,1024.18,2434.92,7.4,12.86,290.0,1.815,PM2.5-1HR
334,090031003,2024-09-14,10.19,21.3,72.29,0,1.95,34.93,1024.18,1396.69,7.4,12.86,290.0,2.386,PM2.5-1HR
334,090030025,2024-09-15,8.91,20.45,71.79,0,1.53,67.65,1027.28,2434.92,4.65,9.01,290.0,1.815,PM2.5-1HR
334,090031003,2024-09-15,8.36,20.45,71.79,0,1.53,67.65,1027.28,1396.69,4.65,9.01,290.0,2.386,PM2.5-1HR
334,090030025,2024-09-16,5.9,18.59,70.92,0,1.07,99.41,1026.53,2434.92,3.15,6.91,290.0,1.815,PM2.5-1HR
334,090031003,2024-09-16,4.72,18.59,70.92,0,1.07,99.41,1026.53,1396.69,3.15,6.91,290.0,2.386,PM2.5-1HR
334,090030025,2024-09-17,6.66,19.09,75,0,0.88,44.91,1023.15,2434.92,4.1,8.24,290.0,1.815,PM2.5-1HR
334,090031003,2024-09-17,5.86,19.09,75,0,0.88,44.91,1023.15,1396.69,4.1,8.24,290.0,2.386,PM2.5-1HR
334,090030025,2024-09-18,7.66,19.1,77.13,0,1.42,37.52,1018.7,2434.92,4.95,9.43,290.0,1.815,PM2.5-1HR
334,090031003,2024-09-18,7.63,19.1,77.13,0,1.42,37.52,1018.7,1396.69,4.95,9.43,290.0,2.386,PM2.5-1HR
334,090030025,2024-09-19,7.49,21.28,68.25,0,3.22,14.7,1012.55,2434.92,2.9,6.56,290.0,1.815,PM2.5-1HR
334,090031003,2024-09-19,7.2,21.28,68.25,0,3.22,14.7,1012.55,1396.69,2.9,6.56,290.0,2.386,PM2.5-1HR
334,090031003,2024-09-20,4.92,20.03,75.08,0,4.03,22.35,1014.05,1396.69,3.75,7.75,290.0,2.386,PM2.5-1HR
334,090030025,2024-09-20,5.09,20.03,75.08,0,4.03,22.35,1014.05,2434.92,3.75,7.75,290.0,1.815,PM2.5-1HR
334,090031003,2024-09-21,3.78,16.72,76.79,0.03,3.93,20.05,1016.15,1396.69,2.55,6.07,290.0,2.386,PM2.5-1HR
334,090030025,2024-09-21,3.84,16.72,76.79,0.03,3.93,20.05,1016.15,2434.92,2.55,6.07,290.0,1.815,PM2.5-1HR
334,090031003,2024-09-22,4.02,16.48,72.79,0,3.2,28.68,1016.99,1396.69,3.55,7.47,290.0,2.386,PM2.5-1HR
334,090030025,2024-09-22,4.07,16.48,72.79,0,3.2,28.68,1016.99,2434.92,3.55,7.47,290.0,1.815,PM2.5-1HR
334,090031003,2024-09-23,4.27,15.05,74,0,2.63,41.23,1018.65,1396.69,3.9,7.96,290.0,2.386,PM2.5-1HR
334,090030025,2024-09-23,4.51,15.05,74,0,2.63,41.23,1018.65,2434.92,3.9,7.96,290.0,1.815,PM2.5-1HR
334,090031003,2024-09-24,4.27,15.14,74.13,0,2.55,50.07,1021.08,1396.69,3.75,7.75,290.0,2.386,PM2.5-1HR
334,090030025,2024-09-24,4.42,15.14,74.13,0,2.55,50.07,1021.08,2434.92,3.75,7.75,290.0,1.815,PM2.5-1HR
334,090031003,2024-09-25,4.81,15.8,79.25,0.01,1.96,97.11,1022.28,1396.69,4.25,8.45,290.0,2.386,PM2.5-1HR
334,090030025,2024-09-25,5.69,15.8,79.25,0.01,1.96,97.11,1022.28,2434.92,4.25,8.45,290.0,1.815,PM2.5-1HR
334,090031003,2024-09-26,3.99,18.34,90.88,0.19,2.9,153.63,1018.62,1396.69,2.25,5.65,290.0,2.386,PM2.5-1HR
334,090030025,2024-09-26,4.79,18.34,90.88,0.19,2.9,153.63,1018.62,2434.92,2.25,5.65,290.0,1.815,PM2.5-1HR
334,090031003,2024-09-27,4.91,19.87,81.13,0.01,1.02,1.86,1016.03,1396.69,3.5,7.4,290.0,2.386,PM2.5-1HR
334,090030025,2024-09-27,4.51,19.87,81.13,0.01,1.02,1.86,1016.03,2434.92,3.5,7.4,290.0,1.815,PM2.5-1HR
334,090031003,2024-09-28,5.65,18.66,78.08,0,2.27,65.14,1015.94,1396.69,4.5,8.8,290.0,2.386,PM2.5-1HR
334,090030025,2024-09-28,5.68,18.66,78.08,0,2.27,65.14,1015.94,2434.92,4.5,8.8,290.0,1.815,PM2.5-1HR
334,090030025,2024-09-29,4.2,17.24,76.38,0,1.62,77.06,1017.02,2434.92,3.25,7.05,290.0,1.815,PM2.5-1HR
334,090031003,2024-09-29,4.28,17.24,76.38,0,1.62,77.06,1017.02,1396.69,3.25,7.05,290.0,2.386,PM2.5-1HR
334,090030025,2024-09-30,5.58,16.63,82.25,0,1.55,40.77,1017.67,2434.92,3.55,7.47,290.0,1.815,PM2.5-1HR
334,090031003,2024-09-30,5.72,16.63,82.25,0,1.55,40.77,1017.67,1396.69,3.55,7.47,290.0,2.386,PM2.5-1HR
334,090030025,2024-10-01,5.79,16.68,77.25,0,2.16,49.72,1018.34,2434.92,4.2,8.38,290.0,1.815,PM2.5-1HR
334,090031003,2024-10-01,5.27,16.68,77.25,0,2.16,49.72,1018.34,1396.69,4.2,8.38,290.0,2.386,PM2.5-1HR
334,090030025,2024-10-02,5.07,15.25,73.67,0,1.79,69.59,1016.71,2434.92,3.85,7.89,290.0,1.815,PM2.5-1HR
334,090031003,2024-10-02,5.07,15.25,73.67,0,1.79,69.59,1016.71,1396.69,3.85,7.89,290.0,2.386,PM2.5-1HR
334,090030025,2024-10-03,6.23,15.88,79.17,0,1.62,203.06,1019.68,2434.92,5,9.5,290.0,1.815,PM2.5-1HR
334,090031003,2024-10-03,5.5,15.88,79.17,0,1.62,203.06,1019.68,1396.69,5,9.5,290.0,2.386,PM2.5-1HR
334,090030025,2024-10-04,6.85,16.73,80.88,0,1.93,203.57,1022.1,2434.92,4.7,9.08,290.0,1.815,PM2.5-1HR
334,090031003,2024-10-04,6.17,16.73,80.88,0,1.93,203.57,1022.1,1396.69,4.7,9.08,290.0,2.386,PM2.5-1HR
334,090030025,2024-10-05,5.16,16.96,68.46,0.02,2.72,343.09,1020.51,2434.92,3,6.7,290.0,1.815,PM2.5-1HR
334,090031003,2024-10-05,5.04,16.96,68.46,0.02,2.72,343.09,1020.51,1396.69,3,6.7,290.0,2.386,PM2.5-1HR
334,090030025,2024-10-06,5.26,14.15,69.25,0,2.12,89.84,1018.88,2434.92,4.1,8.24,290.0,1.815,PM2.5-1HR
334,090031003,2024-10-06,5.23,14.15,69.25,0,2.12,89.84,1018.88,1396.69,4.1,8.24,290.0,2.386,PM2.5-1HR
334,090030025,2024-10-07,5.47,16.76,73.25,0.21,3.18,249.3,1009.7,2434.92,1.15,4.11,290.0,1.815,PM2.5-1HR
334,090031003,2024-10-07,4.71,16.76,73.25,0.21,3.18,249.3,1009.7,1396.69,1.15,4.11,290.0,2.386,PM2.5-1HR
334,090030025,2024-10-08,4.01,13.88,59.88,0,2.06,312.79,1011.6,2434.92,1.1,4.04,290.0,1.815,PM2.5-1HR
334,090031003,2024-10-08,3.13,13.88,59.88,0,2.06,312.79,1011.6,1396.69,1.1,4.04,290.0,2.386,PM2.5-1HR
334,090030025,2024-10-09,3.93,12.25,67.46,0,1.94,299.67,1012.13,2434.92,1.3,4.32,290.0,1.815,PM2.5-1HR
334,090031003,2024-10-09,5.34,12.25,67.46,0,1.94,299.67,1012.13,1396.69,1.3,4.32,290.0,2.386,PM2.5-1HR
334,090030025,2024-10-10,1.14,10.41,62.92,0,3.76,318.94,1016,2434.92,0.6,3.34,290.0,1.815,PM2.5-1HR
334,090031003,2024-10-10,1.15,10.41,62.92,0,3.76,318.94,1016,1396.69,0.6,3.34,290.0,2.386,PM2.5-1HR
334,090030025,2024-10-11,3.12,12.25,62.13,0,2.58,271.78,1015.65,2434.92,1.35,4.39,290.0,1.815,PM2.5-1HR
334,090031003,2024-10-11,3.02,12.25,62.13,0,2.58,271.78,1015.65,1396.69,1.35,4.39,290.0,2.386,PM2.5-1HR
334,090030025,2024-10-12,3.83,15.58,48.54,0,3.55,282.61,1011.39,2434.92,1.2,4.18,290.0,1.815,PM2.5-1HR
334,090031003,2024-10-12,3.9,15.58,48.54,0,3.55,282.61,1011.39,1396.69,1.2,4.18,290.0,2.386,PM2.5-1HR
334,090030025,2024-10-13,4.26,9.45,79.92,0.05,2.44,14.4,1012.5,2434.92,3.1,6.84,290.0,1.815,PM2.5-1HR
334,090031003,2024-10-13,4.57,9.45,79.92,0.05,2.44,14.4,1012.5,1396.69,3.1,6.84,290.0,2.386,PM2.5-1HR
334,090030025,2024-10-14,3.09,11.07,77,0.18,3.26,326.33,1003.82,2434.92,0.45,3.13,290.0,1.815,PM2.5-1HR
334,090031003,2024-10-14,2.86,11.07,77,0.18,3.26,326.33,1003.82,1396.69,0.45,3.13,290.0,2.386,PM2.5-1HR
334,090030025,2024-10-15,2.12,8.2,63.08,0,3.04,283.61,1010.1,2434.92,0.8,3.62,290.0,1.815,PM2.5-1HR
334,090031003,2024-10-15,1.77,8.2,63.08,0,3.04,283.61,1010.1,1396.69,0.8,3.62,290.0,2.386,PM2.5-1HR
334,090030025,2024-10-16,1.92,8.23,61.88,0,3.56,295.63,1015.51,2434.92,0.8,3.62,290.0,1.815,PM2.5-1HR
334,090031003,2024-10-16,1.77,8.23,61.88,0,3.56,295.63,1015.51,1396.69,0.8,3.62,290.0,2.386,PM2.5-1HR
334,090030025,2024-10-17,4.9,7.74,66.5,0,2.49,3.66,1023.59,2434.92,3.1,6.84,290.0,1.815,PM2.5-1HR
334,090031003,2024-10-17,4.58,7.74,66.5,0,2.49,3.66,1023.59,1396.69,3.1,6.84,290.0,2.386,PM2.5-1HR
334,090030025,2024-10-18,6.1,10.05,56.83,0,3.01,7.7,1029.51,2434.92,2.7,6.28,290.0,1.815,PM2.5-1HR
334,090031003,2024-10-18,5.12,10.05,56.83,0,3.01,7.7,1029.51,1396.69,2.7,6.28,290.0,2.386,PM2.5-1HR
334,090030025,2024-10-19,8.11,10.97,69.67,0,1.36,67.29,1032,2434.92,3,6.7,290.0,1.815,PM2.5-1HR
334,090031003,2024-10-19,6.23,10.97,69.67,0,1.36,67.29,1032,1396.69,3,6.7,290.0,2.386,PM2.5-1HR
334,090030025,2024-10-20,9.04,12.31,64.25,0,1.49,226.87,1025.47,2434.92,2.7,6.28,290.0,1.815,PM2.5-1HR
334,090031003,2024-10-20,5.98,12.31,64.25,0,1.49,226.87,1025.47,1396.69,2.7,6.28,290.0,2.386,PM2.5-1HR
334,090030025,2024-10-21,9.98,16.03,60.25,0,2.03,218.51,1021.14,2434.92,6.55,11.67,290.0,1.815,PM2.5-1HR
334,090031003,2024-10-21,7.25,16.03,60.25,0,2.03,218.51,1021.14,1396.69,6.55,11.67,290.0,2.386,PM2.5-1HR
334,090030025,2024-10-22,16.04,17.61,69.17,0,1.41,149.29,1023.26,2434.92,10.6,17.34,290.0,1.815,PM2.5-1HR
334,090031003,2024-10-22,12.62,17.61,69.17,0,1.41,149.29,1023.26,1396.69,10.6,17.34,290.0,2.386,PM2.5-1HR
334,090030025,2024-10-23,11.53,17.01,79.63,0,3.58,186.04,1017.29,2434.92,4.2,8.38,290.0,1.815,PM2.5-1HR
334,090031003,2024-10-23,10.37,17.01,79.63,0,3.58,186.04,1017.29,1396.69,4.2,8.38,290.0,2.386,PM2.5-1HR
334,090030025,2024-10-24,6.08,15.61,66.67,0,3.5,338.23,1013.07,2434.92,1.7,4.88,290.0,1.815,PM2.5-1HR
334,090031003,2024-10-24,5.02,15.61,66.67,0,3.5,338.23,1013.07,1396.69,1.7,4.88,290.0,2.386,PM2.5-1HR
334,090030025,2024-10-25,3.7,10.46,58.58,0,2.19,309.77,1018.57,2434.92,2.25,5.65,290.0,1.815,PM2.5-1HR
334,090031003,2024-10-25,3.37,10.46,58.58,0,2.19,309.77,1018.57,1396.69,2.25,5.65,290.0,2.386,PM2.5-1HR
334,090030025,2024-10-26,3.5,11.75,49.5,0,3.53,274.74,1018.25,2434.92,1.2,4.18,290.0,1.815,PM2.5-1HR
334,090031003,2024-10-26,3.36,11.75,49.5,0,3.53,274.74,1018.25,1396.69,1.2,4.18,290.0,2.386,PM2.5-1HR
334,090030025,2024-10-27,3.32,8.12,45.67,0,2.57,283.71,1027.32,2434.92,1.15,4.11,290.0,1.815,PM2.5-1HR
334,090031003,2024-10-27,2.79,8.12,45.67,0,2.57,283.71,1027.32,1396.69,1.15,4.11,290.0,2.386,PM2.5-1HR
334,090030025,2024-10-28,7.04,7.5,65.04,0,1.53,47.91,1030.58,2434.92,3.35,7.19,290.0,1.815,PM2.5-1HR
334,090031003,2024-10-28,6.1,7.5,65.04,0,1.53,47.91,1030.58,1396.69,3.35,7.19,290.0,2.386,PM2.5-1HR
334,090030025,2024-10-29,5.95,9.76,72.21,0.07,2.57,114.43,1032.3,2434.92,3.3,7.12,290.0,1.815,PM2.5-1HR
334,090031003,2024-10-29,4.91,9.76,72.21,0.07,2.57,114.43,1032.3,1396.69,3.3,7.12,290.0,2.386,PM2.5-1HR
334,090030025,2024-10-30,10.43,16.1,82.46,0.06,2.65,188.64,1025.21,2434.92,4.95,9.43,290.0,1.815,PM2.5-1HR
334,090031003,2024-10-30,9.66,16.1,82.46,0.06,2.65,188.64,1025.21,1396.69,4.95,9.43,290.0,2.386,PM2.5-1HR
334,090030025,2024-10-31,13.94,18.61,68.79,0,3.1,206.38,1018.05,2434.92,8.4,14.26,290.0,1.815,PM2.5-1HR
334,090031003,2024-10-31,12.57,18.61,68.79,0,3.1,206.38,1018.05,1396.69,8.4,14.26,290.0,2.386,PM2.5-1HR
334,090031003,2024-11-01,6.63,18.71,62.46,0,4.45,247.22,1013.23,1396.69,2.8,6.42,290.0,2.386,PM2.5-1HR
334,090030025,2024-11-01,6.83,18.71,62.46,0,4.45,247.22,1013.23,2434.92,2.8,6.42,290.0,1.815,PM2.5-1HR
334,090031003,2024-11-02,1.46,10.13,62.83,0,2.91,325.22,1024.86,1396.69,0.45,3.13,290.0,2.386,PM2.5-1HR
334,090030025,2024-11-02,1.7,10.13,62.83,0,2.91,325.22,1024.86,2434.92,0.45,3.13,290.0,1.815,PM2.5-1HR
334,090030025,2024-11-03,4.75,5.16,64.64,0,2.16,16.33,1031.52,2434.92,2.2,5.58,290.0,1.815,PM2.5-1HR
334,090031003,2024-11-03,4.36,5.16,64.64,0,2.16,16.33,1031.52,1396.69,2.2,5.58,290.0,2.386,PM2.5-1HR
334,090030025,2024-11-04,7.19,6,77.58,0,2.11,132.09,1032.05,2434.92,3.9,7.96,290.0,1.815,PM2.5-1HR
334,090031003,2024-11-04,6.46,6,77.58,0,2.11,132.09,1032.05,1396.69,3.9,7.96,290.0,2.386,PM2.5-1HR
334,090030025,2024-11-05,7.18,14.43,81.54,0,3.35,197.17,1021.61,2434.92,5.55,10.27,290.0,1.815,PM2.5-1HR
334,090031003,2024-11-05,6.75,14.43,81.54,0,3.35,197.17,1021.61,1396.69,5.55,10.27,290.0,2.386,PM2.5-1HR
334,090030025,2024-11-06,7,19.56,72.75,0,3.91,230.16,1015.07,2434.92,4.3,8.52,290.0,1.815,PM2.5-1HR
334,090031003,2024-11-06,6.53,19.56,72.75,0,3.91,230.16,1015.07,1396.69,4.3,8.52,290.0,2.386,PM2.5-1HR
334,090030025,2024-11-07,3.97,14.89,70.54,0,2.93,290.05,1016.93,2434.92,1.45,4.53,290.0,1.815,PM2.5-1HR
334,090031003,2024-11-07,3.78,14.89,70.54,0,2.93,290.05,1016.93,1396.69,1.45,4.53,290.0,2.386,PM2.5-1HR
334,090030025,2024-11-08,3.4,11.22,59,0,3.31,265.61,1013.28,2434.92,1.65,4.81,290.0,1.815,PM2.5-1HR
334,090031003,2024-11-08,2.91,11.22,59,0,3.31,265.61,1013.28,1396.69,1.65,4.81,290.0,2.386,PM2.5-1HR
334,090030025,2024-11-09,2.01,6.66,48.46,0,3.22,328.51,1024.67,2434.92,0.85,3.69,290.0,1.815,PM2.5-1HR
334,090031003,2024-11-09,2.07,6.66,48.46,0,3.22,328.51,1024.67,1396.69,0.85,3.69,290.0,2.386,PM2.5-1HR
334,090030025,2024-11-10,7.33,7.78,67.96,0.07,2.56,194.2,1022.99,2434.92,4.7,9.08,290.0,1.815,PM2.5-1HR
334,090031003,2024-11-10,6.85,7.78,67.96,0.07,2.56,194.2,1022.99,1396.69,4.7,9.08,290.0,2.386,PM2.5-1HR
334,090030025,2024-11-11,4.69,14.11,74.33,0.15,3.84,237.2,1005.55,2434.92,2.7,6.28,290.0,1.815,PM2.5-1HR
334,090031003,2024-11-11,3.93,14.11,74.33,0.15,3.84,237.2,1005.55,1396.69,2.7,6.28,290.0,2.386,PM2.5-1HR
334,090030025,2024-11-12,1.57,8.11,53.75,0,5.27,325.18,1015.41,2434.92,0.5,3.2,290.0,1.815,PM2.5-1HR
334,090031003,2024-11-12,1.27,8.11,53.75,0,5.27,325.18,1015.41,1396.69,0.5,3.2,290.0,2.386,PM2.5-1HR
334,090030025,2024-11-13,2.17,3.55,42.46,0,3.65,8.53,1031.51,2434.92,1,3.9,290.0,1.815,PM2.5-1HR
334,090031003,2024-11-13,2.3,3.55,42.46,0,3.65,8.53,1031.51,1396.69,1,3.9,290.0,2.386,PM2.5-1HR
334,090030025,2024-11-14,3.48,2.81,40.29,0,1.94,6.67,1025.6,2434.92,1.95,5.23,290.0,1.815,PM2.5-1HR
334,090031003,2024-11-14,3.51,2.81,40.29,0,1.94,6.67,1025.6,1396.69,1.95,5.23,290.0,2.386,PM2.5-1HR
334,090030025,2024-11-15,4.86,5.99,38.21,0,2.19,336.63,1011.25,2434.92,1.85,5.09,290.0,1.815,PM2.5-1HR
334,090031003,2024-11-15,4.88,5.99,38.21,0,2.19,336.63,1011.25,1396.69,1.85,5.09,290.0,2.386,PM2.5-1HR
334,090030025,2024-11-16,2.58,9.15,33.13,0,3.53,340.47,1009.97,2434.92,1.5,4.6,290.0,1.815,PM2.5-1HR
334,090031003,2024-11-16,2.32,9.15,33.13,0,3.53,340.47,1009.97,1396.69,1.5,4.6,290.0,2.386,PM2.5-1HR
334,090030025,2024-11-17,4.1,10.31,32.25,0,2.06,326.03,1015.05,2434.92,1.25,4.25,290.0,1.815,PM2.5-1HR
334,090031003,2024-11-17,3.36,10.31,32.25,0,2.06,326.03,1015.05,1396.69,1.25,4.25,290.0,2.386,PM2.5-1HR
334,090030025,2024-11-18,5.98,10.75,50.33,0,2.77,308.89,1010.48,2434.92,3.65,7.61,290.0,1.815,PM2.5-1HR
334,090031003,2024-11-18,5.31,10.75,50.33,0,2.77,308.89,1010.48,1396.69,3.65,7.61,290.0,2.386,PM2.5-1HR
334,090030025,2024-11-19,6.19,9.45,53.88,0,2.64,333.79,1012.08,2434.92,1.8,5.02,290.0,1.815,PM2.5-1HR
334,090031003,2024-11-19,4.24,9.45,53.88,0,2.64,333.79,1012.08,1396.69,1.8,5.02,290.0,2.386,PM2.5-1HR
334,090030025,2024-11-20,5.28,8.56,61.33,0,1.73,23.81,1009.13,2434.92,3.95,8.03,290.0,1.815,PM2.5-1HR
334,090031003,2024-11-20,5.03,8.56,61.33,0,1.73,23.81,1009.13,1396.69,3.95,8.03,290.0,2.386,PM2.5-1HR
334,090030025,2024-11-21,2.45,7.48,91.75,0.82,3.41,38.2,1000.63,2434.92,1.15,4.11,290.0,1.815,PM2.5-1HR
334,090031003,2024-11-21,2.19,7.48,91.75,0.82,3.41,38.2,1000.63,1396.69,1.15,4.11,290.0,2.386,PM2.5-1HR
334,090030025,2024-11-22,2.96,5.81,81.79,0.26,4.55,133.27,993.51,2434.92,0.3,2.92,290.0,1.815,PM2.5-1HR
334,090031003,2024-11-22,2.07,5.81,81.79,0.26,4.55,133.27,993.51,1396.69,0.3,2.92,290.0,2.386,PM2.5-1HR
334,090030025,2024-11-23,1.88,5.63,82.21,0.21,4.38,323.99,997.63,2434.92,0.8,3.62,290.0,1.815,PM2.5-1HR
334,090031003,2024-11-23,1.62,5.63,82.21,0.21,4.38,323.99,997.63,1396.69,0.8,3.62,290.0,2.386,PM2.5-1HR
334,090030025,2024-11-24,0.7,6.5,63.17,0,4.25,288.71,1009.08,2434.92,0.25,2.85,290.0,1.815,PM2.5-1HR
334,090031003,2024-11-24,0.54,6.5,63.17,0,4.25,288.71,1009.08,1396.69,0.25,2.85,290.0,2.386,PM2.5-1HR
334,090030025,2024-11-25,2.15,4.72,62.79,0,2.33,288.7,1016.23,2434.92,0.7,3.48,290.0,1.815,PM2.5-1HR
334,090031003,2024-11-25,2.21,4.72,62.79,0,2.33,288.7,1016.23,1396.69,0.7,3.48,290.0,2.386,PM2.5-1HR
334,090030025,2024-11-26,6.73,4.45,85.79,0.18,1.6,358.41,1012.08,2434.92,4.1,8.24,290.0,1.815,PM2.5-1HR
334,090031003,2024-11-26,5.84,4.45,85.79,0.18,1.6,358.41,1012.08,1396.69,4.1,8.24,290.0,2.386,PM2.5-1HR
334,090030025,2024-11-27,7.19,4.36,73.13,0,1.9,235.25,1015.33,2434.92,4.1,8.24,290.0,1.815,PM2.5-1HR
334,090031003,2024-11-27,6.26,4.36,73.13,0,1.9,235.25,1015.33,1396.69,4.1,8.24,290.0,2.386,PM2.5-1HR
334,090030025,2024-11-28,6.81,4.17,90.71,0.66,3.07,4.85,1005.27,2434.92,0.4,3.06,290.0,1.815,PM2.5-1HR
334,090031003,2024-11-28,6.23,4.17,90.71,0.66,3.07,4.85,1005.27,1396.69,0.4,3.06,290.0,2.386,PM2.5-1HR
334,090030025,2024-11-29,3.76,3.44,70.75,0.03,2.64,256.64,1010.38,2434.92,0.5,3.2,290.0,1.815,PM2.5-1HR
334,090031003,2024-11-29,4.54,3.44,70.75,0.03,2.64,256.64,1010.38,1396.69,0.5,3.2,290.0,2.386,PM2.5-1HR
334,090030025,2024-11-30,4.7,0.13,63.83,0,2.46,253.57,1013.81,2434.92,3.05,6.77,290.0,1.815,PM2.5-1HR
334,090031003,2024-11-30,5.64,0.13,63.83,0,2.46,253.57,1013.81,1396.69,3.05,6.77,290.0,2.386,PM2.5-1HR
334,090030025,2024-12-01,7.52,-1.18,58.92,0,2.61,245.26,1017.34,2434.92,5.8,10.62,290.0,1.815,PM2.5-1HR
334,090031003,2024-12-01,6.51,-1.18,58.92,0,2.61,245.26,1017.34,1396.69,5.8,10.62,290.0,2.386,PM2.5-1HR
334,090030025,2024-12-02,6.28,-0.88,60.92,0,1.6,280.95,1019.57,2434.92,2.5,6.0,290.0,1.815,PM2.5-1HR
334,090031003,2024-12-02,6.39,-0.88,60.92,0,1.6,280.95,1019.57,1396.69,2.5,6.0,290.0,2.386,PM2.5-1HR
334,090030025,2024-12-03,3.39,-0.7,67.21,0.01,1.94,305.36,1022.75,2434.92,1.75,4.95,290.0,1.815,PM2.5-1HR
334,090031003,2024-12-03,5.64,-0.7,67.21,0.01,1.94,305.36,1022.75,1396.69,1.75,4.95,290.0,2.386,PM2.5-1HR
334,090030025,2024-12-04,5.35,0.01,63.96,0.1,2.95,218.15,1019.77,2434.92,1.6,4.74,290.0,1.815,PM2.5-1HR
334,090031003,2024-12-04,3.89,0.01,63.96,0.1,2.95,218.15,1019.77,1396.69,1.6,4.74,290.0,2.386,PM2.5-1HR
334,090030025,2024-12-05,9.76,1.48,79.79,0.25,4.24,236.19,1001.3,2434.92,2,5.3,290.0,1.815,PM2.5-1HR
334,090031003,2024-12-05,6.82,1.48,79.79,0.25,4.24,236.19,1001.3,1396.69,2,5.3,290.0,2.386,PM2.5-1HR
334,090030025,2024-12-06,1.8,-3.26,65.42,0,4.08,289.55,1015.85,2434.92,0.95,3.83,290.0,1.815,PM2.5-1HR
334,090031003,2024-12-06,1.59,-3.26,65.42,0,4.08,289.55,1015.85,1396.69,0.95,3.83,290.0,2.386,PM2.5-1HR
334,090030025,2024-12-07,5.8,-1.62,68.29,0,2.19,232.44,1017.99,2434.92,2.9,6.56,290.0,1.815,PM2.5-1HR
334,090031003,2024-12-07,4.53,-1.62,68.29,0,2.19,232.44,1017.99,1396.69,2.9,6.56,290.0,2.386,PM2.5-1HR
334,090030025,2024-12-08,9.97,3.98,65.04,0.05,3.8,222.62,1009.6,2434.92,5.55,10.27,290.0,1.815,PM2.5-1HR
334,090031003,2024-12-08,6.77,3.98,65.04,0.05,3.8,222.62,1009.6,1396.69,5.55,10.27,290.0,2.386,PM2.5-1HR
334,090030025,2024-12-09,12.59,3.39,85.71,0.31,1.69,86.02,1016.55,2434.92,5.15,9.71,290.0,1.815,PM2.5-1HR
334,090031003,2024-12-09,9.39,3.39,85.71,0.31,1.69,86.02,1016.55,1396.69,5.15,9.71,290.0,2.386,PM2.5-1HR
334,090030025,2024-12-10,5.08,3.82,91.75,0.02,2.43,31.15,1019.15,2434.92,1.35,4.39,290.0,1.815,PM2.5-1HR
334,090031003,2024-12-10,4.84,3.82,91.75,0.02,2.43,31.15,1019.15,1396.69,1.35,4.39,290.0,2.386,PM2.5-1HR
334,090030025,2024-12-11,4.64,10.15,95.67,1.71,4.18,185.62,1005.18,2434.92,0.65,3.41,290.0,1.815,PM2.5-1HR
334,090031003,2024-12-11,3.56,10.15,95.67,1.71,4.18,185.62,1005.18,1396.69,0.65,3.41,290.0,2.386,PM2.5-1HR
334,090030025,2024-12-12,4.07,1.59,53.5,0.01,4.68,259.57,1017.23,2434.92,0.6,3.34,290.0,1.815,PM2.5-1HR
334,090031003,2024-12-12,3.35,1.59,53.5,0.01,4.68,259.57,1017.23,1396.69,0.6,3.34,290.0,2.386,PM2.5-1HR
334,090030025,2024-12-13,3.98,-2.81,52.33,0,2.42,289.17,1036.73,2434.92,2.5,6.0,290.0,1.815,PM2.5-1HR
334,090031003,2024-12-13,3.37,-2.81,52.33,0,2.42,289.17,1036.73,1396.69,2.5,6.0,290.0,2.386,PM2.5-1HR
334,090030025,2024-12-14,6.37,-3.29,56.88,0,1.42,350.95,1046.63,2434.92,2.75,6.35,290.0,1.815,PM2.5-1HR
334,090031003,2024-12-14,7.52,-3.29,56.88,0,1.42,350.95,1046.63,1396.69,2.75,6.35,290.0,2.386,PM2.5-1HR
334,090030025,2024-12-15,9.26,-3.33,61.17,0,1.15,18.14,1043.32,2434.92,6.1,11.04,290.0,1.815,PM2.5-1HR
334,090031003,2024-12-15,11.25,-3.33,61.17,0,1.15,18.14,1043.32,1396.69,6.1,11.04,290.0,2.386,PM2.5-1HR
334,090030025,2024-12-16,11.78,2.21,88.71,0.21,1.84,63.25,1031.05,2434.92,8.85,14.89,290.0,1.815,PM2.5-1HR
334,090031003,2024-12-16,11.89,2.21,88.71,0.21,1.84,63.25,1031.05,1396.69,8.85,14.89,290.0,2.386,PM2.5-1HR
334,090030025,2024-12-17,4.92,9.71,85.42,0.31,3.8,237.38,1018.95,2434.92,1.05,3.97,290.0,1.815,PM2.5-1HR
334,090031003,2024-12-17,4.05,9.71,85.42,0.31,3.8,237.38,1018.95,1396.69,1.05,3.97,290.0,2.386,PM2.5-1HR
334,090030025,2024-12-18,9.06,4.63,81.79,0.35,1.92,222.59,1021.2,2434.92,6.1,11.04,290.0,1.815,PM2.5-1HR
334,090031003,2024-12-18,7.19,4.63,81.79,0.35,1.92,222.59,1021.2,1396.69,6.1,11.04,290.0,2.386,PM2.5-1HR
334,090030025,2024-12-19,3.02,2.92,72.58,0.05,3.06,320.66,1022.2,2434.92,0.7,3.48,290.0,1.815,PM2.5-1HR
334,090031003,2024-12-19,2.81,2.92,72.58,0.05,3.06,320.66,1022.2,1396.69,0.7,3.48,290.0,2.386,PM2.5-1HR
334,090030025,2024-12-20,4.25,-0.64,76.71,0.04,3.12,11.58,1019.5,2434.92,2.85,6.49,290.0,1.815,PM2.5-1HR
334,090031003,2024-12-20,4.27,-0.64,76.71,0.04,3.12,11.58,1019.5,1396.69,2.85,6.49,290.0,2.386,PM2.5-1HR
334,090031003,2024-12-21,3.13,-4.34,67.75,0.02,4.04,330.55,1016.28,1396.69,1.75,4.95,290.0,2.386,PM2.5-1HR
334,090030025,2024-12-21,3.33,-4.34,67.75,0.02,4.04,330.55,1016.28,2434.92,1.75,4.95,290.0,1.815,PM2.5-1HR
334,090031003,2024-12-22,2.87,-11.12,58.79,0,2.7,339.27,1030.49,1396.69,2.15,5.51,290.0,2.386,PM2.5-1HR
334,090030025,2024-12-22,3.53,-11.12,58.79,0,2.7,339.27,1030.49,2434.92,2.15,5.51,290.0,1.815,PM2.5-1HR
334,090031003,2024-12-23,5.52,-9.25,53.83,0,1.88,106.23,1036.19,1396.69,3.85,7.89,290.0,2.386,PM2.5-1HR
334,090030025,2024-12-23,6.81,-9.25,53.83,0,1.88,106.23,1036.19,2434.92,3.85,7.89,290.0,1.815,PM2.5-1HR
334,090030025,2024-12-24,13.79,-1.29,73.75,0.05,2.2,257.72,1025.48,2434.92,9.8,16.22,290.0,1.815,PM2.5-1HR
334,090031003,2024-12-24,12.82,-1.29,73.75,0.05,2.2,257.72,1025.48,1396.69,9.8,16.22,290.0,2.386,PM2.5-1HR
334,090030025,2024-12-25,10.57,-3.77,65.5,0,2.71,6.58,1029.09,2434.92,5.65,10.41,290.0,1.815,PM2.5-1HR
334,090031003,2024-12-25,12.86,-3.77,65.5,0,2.71,6.58,1029.09,1396.69,5.65,10.41,290.0,2.386,PM2.5-1HR
334,090030025,2024-12-26,10.06,-4.82,61.96,0,1.75,359.44,1031.88,2434.92,5.9,10.76,290.0,1.815,PM2.5-1HR
334,090031003,2024-12-26,12.6,-4.82,61.96,0,1.75,359.44,1031.88,1396.69,5.9,10.76,290.0,2.386,PM2.5-1HR
334,090030025,2024-12-27,21.22,-2.87,61.71,0,1.54,155.04,1030.65,2434.92,13,20.7,290.0,1.815,PM2.5-1HR
334,090031003,2024-12-27,19.46,-2.87,61.71,0,1.54,155.04,1030.65,1396.69,13,20.7,290.0,2.386,PM2.5-1HR
334,090030025,2024-12-28,22.06,2.34,94.79,0.1,1.79,180.06,1025.31,2434.92,8.55,14.47,290.0,1.815,PM2.5-1HR
334,090031003,2024-12-28,15.19,2.34,94.79,0.1,1.79,180.06,1025.31,1396.69,8.55,14.47,290.0,2.386,PM2.5-1HR
334,090030025,2024-12-29,9.64,6.72,96.67,0.03,2.36,189.62,1018.77,2434.92,4.65,9.01,290.0,1.815,PM2.5-1HR
334,090031003,2024-12-29,8.18,6.72,96.67,0.03,2.36,189.62,1018.77,1396.69,4.65,9.01,290.0,2.386,PM2.5-1HR
334,090030025,2024-12-30,3.74,10.38,80.58,0.54,4.64,203.88,1004.59,2434.92,1.25,4.25,290.0,1.815,PM2.5-1HR
334,090031003,2024-12-30,2.59,10.38,80.58,0.54,4.64,203.88,1004.59,1396.69,1.25,4.25,290.0,2.386,PM2.5-1HR
334,090030025,2024-12-31,5.19,4.81,77.21,0.04,2.16,180.1,1010.66,2434.92,2.05,5.37,290.0,1.815,PM2.5-1HR
334,090031003,2024-12-31,4.45,4.81,77.21,0.04,2.16,180.1,1010.66,1396.69,2.05,5.37,290.0,2.386,PM2.5-1HR
334,840090030025,2025-01-05,2.42,-1.5,49.25,0,4.68,284.88,1013.68,2478.6,1.85,5.09,290.0,0.004,PM2.5-1HR
334,840090031003,2025-01-05,2.14,-1.5,49.25,0,4.68,284.88,1013.68,1469.5,1.85,5.09,290.0,0.282,PM2.5-1HR
334,840090030025,2025-01-06,2.49,-4.25,50.75,0.01,2.74,321.13,1010.49,2478.6,1.45,4.53,290.0,0.004,PM2.5-1HR
334,840090031003,2025-01-06,2.35,-4.25,50.75,0.01,2.74,321.13,1010.49,1469.5,1.45,4.53,290.0,0.282,PM2.5-1HR
334,840090030025,2025-01-07,2.47,-6.42,55,0,5.47,321.85,1007.23,2478.6,1.15,4.11,290.0,0.004,PM2.5-1HR
334,840090031003,2025-01-07,2.25,-6.42,55,0,5.47,321.85,1007.23,1469.5,1.15,4.11,290.0,0.282,PM2.5-1HR
334,840090030025,2025-11-30,7.97,2.6,79.88,0.22,2.74,177.36,1024.56,2478.6,6.45,11.53,290.0,0.004,PM2.5-1HR
334,840090031003,2025-11-30,7.3,2.6,79.88,0.22,2.74,177.36,1024.56,1469.5,6.45,11.53,290.0,0.282,PM2.5-1HR
334,840090030025,2025-12-01,3.62,1.8,62.04,0,3.14,312.02,1023.86,2478.6,1.45,4.53,290.0,0.004,PM2.5-1HR
334,840090031003,2025-12-01,3.45,1.8,62.04,0,3.14,312.02,1023.86,1469.5,1.45,4.53,290.0,0.282,PM2.5-1HR
334,840090030025,2025-12-02,6.38,-0.98,83.67,0.79,3.08,4.49,1014.45,2478.6,5.2,9.78,290.0,0.004,PM2.5-1HR
334,840090031003,2025-12-02,8.04,-0.98,83.67,0.79,3.08,4.49,1014.45,1469.5,5.2,9.78,290.0,0.282,PM2.5-1HR
334,840090030025,2025-12-24,11.14,1.79,72.92,0,4.05,315.69,1017.99,2478.6,5.5,10.2,290.0,0.004,PM2.5-1HR
334,840090031003,2025-12-24,11.18,1.79,72.92,0,4.05,315.69,1017.99,1469.5,5.5,10.2,290.0,0.282,PM2.5-1HR
334,840090030025,2025-12-25,6.25,-0.27,68.04,0,3.83,250.39,1016.25,2478.6,2,5.3,290.0,0.004,PM2.5-1HR
334,840090031003,2025-12-25,6.45,-0.27,68.04,0,3.83,250.39,1016.25,1469.5,2,5.3,290.0,0.282,PM2.5-1HR
334,840090030025,2025-12-26,2.67,-6.35,47.46,0.37,2.61,15.5,1021.58,2478.6,1.05,3.97,290.0,0.004,PM2.5-1HR
334,840090031003,2025-12-26,2.78,-6.35,47.46,0.37,2.61,15.5,1021.58,1469.5,1.05,3.97,290.0,0.282,PM2.5-1HR
334,840090030025,2025-12-27,6.63,-6.93,83.42,0.14,2.53,1.82,1019.83,2478.6,3.55,7.47,290.0,0.004,PM2.5-1HR
334,840090031003,2025-12-27,8.68,-6.93,83.42,0.14,2.53,1.82,1019.83,1469.5,3.55,7.47,290.0,0.282,PM2.5-1HR
334,840090030025,2025-12-28,22.26,-7.1,81.33,0.05,1.78,91.52,1019.55,2478.6,11.5,18.6,290.0,0.004,PM2.5-1HR
334,840090031003,2025-12-28,22.17,-7.1,81.33,0.05,1.78,91.52,1019.55,1469.5,11.5,18.6,290.0,0.282,PM2.5-1HR
334,840090030025,2025-12-29,10.63,2.71,88.96,0.58,3.92,208.23,996.66,2478.6,1.55,4.67,290.0,0.004,PM2.5-1HR
334,840090031003,2025-12-29,8.96,2.71,88.96,0.58,3.92,208.23,996.66,1469.5,1.55,4.67,290.0,0.282,PM2.5-1HR
334,840090030025,2025-12-30,1.99,-3.93,58.75,0,4.63,263.03,1001.34,2478.6,0.8,3.62,290.0,0.004,PM2.5-1HR
334,840090031003,2025-12-30,2.48,-3.93,58.75,0,4.63,263.03,1001.34,1469.5,0.8,3.62,290.0,0.282,PM2.5-1HR
334,840090030025,2025-12-31,7.25,-3.8,63.04,0,3.73,230.68,1007.13,2478.6,2.25,5.65,290.0,0.004,PM2.5-1HR
334,840090031003,2025-12-31,6.66,-3.8,63.04,0,3.73,230.68,1007.13,1469.5,2.25,5.65,290.0,0.282,PM2.5-1HR
334,840090030025,2026-01-01,6.17,-6.02,66.38,0.15,4.13,272.17,1005.61,2521.54,1.2,4.18,290.0,0.004,PM2.5-1HR
334,840090031003,2026-01-01,5.49,-6.02,66.38,0.15,4.13,272.17,1005.61,1468.22,1.2,4.18,290.0,0.282,PM2.5-1HR
334,840090030025,2026-01-02,6.7,-7.65,68.79,0,2.6,246.6,1008.32,2521.54,3.55,7.47,290.0,0.004,PM2.5-1HR
334,840090031003,2026-01-02,5.91,-7.65,68.79,0,2.6,246.6,1008.32,1468.22,3.55,7.47,290.0,0.282,PM2.5-1HR
334,840090030025,2026-01-03,6.67,-6.05,65.79,0,2.37,249.94,1013.38,2521.54,2.85,6.49,290.0,0.004,PM2.5-1HR
334,840090031003,2026-01-03,4.97,-6.05,65.79,0,2.37,249.94,1013.38,1468.22,2.85,6.49,290.0,0.282,PM2.5-1HR
334,840090030025,2026-01-04,6.94,-3.73,74,0.06,1.86,295.25,1017.65,2521.54,2.75,6.35,290.0,0.004,PM2.5-1HR
334,840090031003,2026-01-04,6.56,-3.73,74,0.06,1.86,295.25,1017.65,1468.22,2.75,6.35,290.0,0.282,PM2.5-1HR
334,840090030025,2026-01-05,5.37,-4.85,74.54,0.03,1.58,156.61,1021.5,2521.54,1.95,5.23,290.0,0.004,PM2.5-1HR
334,840090031003,2026-01-05,5.14,-4.85,74.54,0.03,1.58,156.61,1021.5,1468.22,1.95,5.23,290.0,0.282,PM2.5-1HR
334,840090030025,2026-01-06,18.37,-0.04,84.25,0.03,1.22,33.41,1013.94,2521.54,10.8,17.62,290.0,0.004,PM2.5-1HR
334,840090031003,2026-01-06,19.33,-0.04,84.25,0.03,1.22,33.41,1013.94,1468.22,10.8,17.62,290.0,0.282,PM2.5-1HR
334,840090030025,2026-01-07,8.85,1.1,90.25,0.11,1.79,334.76,1007.58,2521.54,3.35,7.19,290.0,0.004,PM2.5-1HR
334,840090031003,2026-01-07,10.08,1.1,90.25,0.11,1.79,334.76,1007.58,1468.22,3.35,7.19,290.0,0.282,PM2.5-1HR
334,840090030025,2026-01-08,7.12,1.59,82.04,0,1.3,301.68,1021.44,2521.54,3.4,7.26,290.0,0.004,PM2.5-1HR
334,840090031003,2026-01-08,8.08,1.59,82.04,0,1.3,301.68,1021.44,1468.22,3.4,7.26,290.0,0.282,PM2.5-1HR
334,840090030025,2026-01-09,12.71,2.98,85.33,0.09,2.92,199.03,1022.68,2521.54,4.4,8.66,290.0,0.004,PM2.5-1HR
334,840090031003,2026-01-09,11.31,2.98,85.33,0.09,2.92,199.03,1022.68,1468.22,4.4,8.66,290.0,0.282,PM2.5-1HR
334,840090030025,2026-01-10,4.32,3.88,87.38,0.3,1.89,358.14,1019.57,2521.54,1.2,4.18,290.0,0.004,PM2.5-1HR
334,840090031003,2026-01-10,4.69,3.88,87.38,0.3,1.89,358.14,1019.57,1468.22,1.2,4.18,290.0,0.282,PM2.5-1HR
334,840090030025,2026-01-14,15.82,5.43,76.29,0.02,2.46,174.2,1003.07,2521.54,14.65,23.01,290.0,0.004,PM2.5-1HR
334,840090031003,2026-01-14,15.87,5.43,76.29,0.02,2.46,174.2,1003.07,1468.22,14.65,23.01,290.0,0.282,PM2.5-1HR
334,840090030025,2026-01-15,10.63,3.41,73.5,0,3.48,226.31,995.15,2521.54,1.95,5.23,290.0,0.004,PM2.5-1HR
334,840090031003,2026-01-15,10.86,3.41,73.5,0,3.48,226.31,995.15,1468.22,1.95,5.23,290.0,0.282,PM2.5-1HR
334,840090030025,2026-01-16,3.74,-3.43,49.54,0,3.96,266.19,1009.04,2521.54,1.45,4.53,290.0,0.004,PM2.5-1HR
334,840090031003,2026-01-16,3.33,-3.43,49.54,0,3.96,266.19,1009.04,1468.22,1.45,4.53,290.0,0.282,PM2.5-1HR
334,840090030025,2026-01-17,16.01,-0.66,80.29,0.23,2,190.94,1018.26,2521.54,8.1,13.84,290.0,0.004,PM2.5-1HR
334,840090031003,2026-01-17,11.09,-0.66,80.29,0.23,2,190.94,1018.26,1468.22,8.1,13.84,290.0,0.282,PM2.5-1HR
334,840090030025,2026-01-18,19.21,-1.17,91.88,0.3,1.95,118.18,1015.33,2521.54,8.95,15.03,290.0,0.004,PM2.5-1HR
334,840090031003,2026-01-18,21.13,-1.17,91.88,0.3,1.95,118.18,1015.33,1468.22,8.95,15.03,290.0,0.282,PM2.5-1HR
334,840090030025,2026-01-19,9.87,-2.46,78.04,0.04,2.99,254.08,1011.99,2521.54,6.45,11.53,290.0,0.004,PM2.5-1HR
334,840090031003,2026-01-19,9.13,-2.46,78.04,0.04,2.99,254.08,1011.99,1468.22,6.45,11.53,290.0,0.282,PM2.5-1HR
334,840090030025,2026-01-20,7.25,-8.85,63.67,0,3.34,257.18,1023.88,2521.54,4.1,8.24,290.0,0.004,PM2.5-1HR
334,840090031003,2026-01-20,6.21,-8.85,63.67,0,3.34,257.18,1023.88,1468.22,4.1,8.24,290.0,0.282,PM2.5-1HR
334,840090030025,2026-01-21,10.16,-8.12,69.67,0.08,3.12,199.73,1029.65,2521.54,5.55,10.27,290.0,0.004,PM2.5-1HR
334,840090031003,2026-01-21,7.44,-8.12,69.67,0.08,3.12,199.73,1029.65,1468.22,5.55,10.27,290.0,0.282,PM2.5-1HR
334,840090030025,2026-01-22,10.95,1.18,71.21,0.03,3.36,227.09,1015.74,2521.54,5.45,10.13,290.0,0.004,PM2.5-1HR
334,840090031003,2026-01-22,8.44,1.18,71.21,0.03,3.36,227.09,1015.74,1468.22,5.45,10.13,290.0,0.282,PM2.5-1HR
334,840090030025,2026-01-23,7.9,-5.83,63.79,0,3.87,282.26,1020.59,2521.54,2.8,6.42,290.0,0.004,PM2.5-1HR
334,840090031003,2026-01-23,7.63,-5.83,63.79,0,3.87,282.26,1020.59,1468.22,2.8,6.42,290.0,0.282,PM2.5-1HR
334,840090030025,2026-01-24,2.76,-14.29,52.46,0,3.23,327.2,1036.2,2521.54,1.75,4.95,290.0,0.004,PM2.5-1HR
334,840090031003,2026-01-24,2.83,-14.29,52.46,0,3.23,327.2,1036.2,1468.22,1.75,4.95,290.0,0.282,PM2.5-1HR
334,840090030025,2026-01-25,4.38,-13.29,72.26,1.33,2.43,28.83,1028.03,2521.54,3.65,7.61,290.0,0.004,PM2.5-1HR
334,840090031003,2026-01-25,4.8,-12.84,74.88,1.33,2.43,28.83,1028.61,1468.22,3.65,7.61,290.0,0.282,PM2.5-1HR
334,840090031003,2026-02-02,5.58,-9.96,68.6,0,1.83,344.21,1013.22,1468.22,2.3,5.72,290.0,0.282,PM2.5-1HR
334,840090030025,2026-02-02,4.37,-9.96,68.6,0,1.83,344.21,1011.26,2521.54,2.3,5.72,290.0,0.004,PM2.5-1HR
334,840090031003,2026-02-03,16.2,-9.98,66.75,0,1.3,12.52,1020.29,1468.22,7.95,13.63,290.0,0.282,PM2.5-1HR
334,840090030025,2026-02-03,14.27,-9.98,66.75,0,1.3,12.52,1020.29,2521.54,7.95,13.63,290.0,0.004,PM2.5-1HR
334,840090031003,2026-02-04,13.03,-6.72,69.37,0,2.54,289.22,1021.23,1468.22,3.5,7.4,290.0,0.282,PM2.5-1HR
334,840090030025,2026-02-04,9.6,-6.72,69.37,0,2.54,289.22,1020.73,2521.54,3.5,7.4,290.0,0.004,PM2.5-1HR
334,840090031003,2026-02-05,17.52,-10.8,74.6,0,1.92,338.43,1016.06,1468.22,8.05,13.77,290.0,0.282,PM2.5-1HR
334,840090030025,2026-02-05,11.35,-10.8,74.6,0,1.92,338.43,1014.06,2521.54,8.05,13.77,290.0,0.004,PM2.5-1HR
334,840090030025,2026-02-06,10.95,-9.63,74.16,0,1.93,3.11,1006.45,2521.54,8.35,14.19,290.0,0.004,PM2.5-1HR
334,840090031003,2026-02-06,18.42,-9.63,74.16,0,1.93,3.11,1006.95,1468.22,8.35,14.19,290.0,0.282,PM2.5-1HR
334,840090030025,2026-02-07,12.01,-17.06,60.2,0,6.1,336,1002.56,2521.54,4.75,9.15,290.0,0.004,PM2.5-1HR
334,840090031003,2026-02-07,16.42,-17.06,60.2,0,6.1,336,1004.52,1468.22,4.75,9.15,290.0,0.282,PM2.5-1HR
334,840090030025,2026-02-08,5.15,-15.64,57.54,0,4.48,335.64,1019.64,2521.54,4.95,9.43,290.0,0.004,PM2.5-1HR
334,840090031003,2026-02-08,6.43,-15.64,57.54,0,4.48,335.64,1019.64,1468.22,4.95,9.43,290.0,0.282,PM2.5-1HR
334,840090030025,2026-02-09,5.14,-11.14,56.58,0,2.8,346.03,1021.87,2521.54,3.45,7.33,290.0,0.004,PM2.5-1HR
334,840090031003,2026-02-09,6.29,-11.14,56.58,0,2.8,346.03,1022.33,1468.22,3.45,7.33,290.0,0.282,PM2.5-1HR
334,840090030025,2026-02-11,14.13,0.08,71.6,0,4.27,285.52,1002.68,2521.54,2.35,5.79,290.0,0.004,PM2.5-1HR
334,840090031003,2026-02-11,17.76,0.08,71.6,0,4.27,285.52,1004.47,1468.22,2.35,5.79,290.0,0.282,PM2.5-1HR
334,840090030025,2026-02-12,3,-3.43,68.58,0,3.91,318.49,1013.05,2521.54,2.35,5.79,290.0,0.004,PM2.5-1HR
334,840090031003,2026-02-12,3.79,-3.43,68.58,0,3.91,318.49,1013.05,1468.22,2.35,5.79,290.0,0.282,PM2.5-1HR
334,840090030025,2026-02-13,4.05,-6,66.21,0,1.63,314.41,1019.28,2521.54,2.15,5.51,290.0,0.004,PM2.5-1HR
334,840090031003,2026-02-13,4.83,-6,66.21,0,1.63,314.41,1019.28,1468.22,2.15,5.51,290.0,0.282,PM2.5-1HR
334,840090030025,2026-02-14,14.88,-3.68,74.29,0,1.47,229.13,1018.24,2521.54,9.4,15.66,290.0,0.004,PM2.5-1HR
334,840090031003,2026-02-14,19.11,-3.68,74.29,0,1.47,229.13,1018.24,1468.22,9.4,15.66,290.0,0.282,PM2.5-1HR
334,840090030025,2026-02-15,17.75,-3.84,74.63,0,1.56,0.63,1018.65,2521.54,5.4,10.06,290.0,0.004,PM2.5-1HR
334,840090031003,2026-02-15,21.92,-3.84,74.63,0,1.56,0.63,1019.2,1468.22,5.4,10.06,290.0,0.282,PM2.5-1HR
334,840090030025,2026-02-23,2.19,-3.56,65.8,0,4.56,315,997.88,2521.54,2,5.3,290.0,0.004,PM2.5-1HR
334,840090031003,2026-02-23,2.77,-3.56,65.8,0,4.56,315,999.67,1468.22,2,5.3,290.0,0.282,PM2.5-1HR
334,840090030025,2026-02-24,3.24,-4.82,61.42,0,4.21,313.32,1009.02,2521.54,1.9,5.16,290.0,0.004,PM2.5-1HR
334,840090031003,2026-02-24,3.5,-4.82,61.42,0,4.21,313.32,1009.52,1468.22,1.9,5.16,290.0,0.282,PM2.5-1HR
334,840090031003,2026-03-26,8.71,14,66,0,5.14,191,1009.98,1468.22,4.6,8.94,290.0,0.282,PM2.5-1HR
334,840090030025,2026-03-26,10.4,14,66,0,5.14,191,1007.43,2521.54,4.6,8.94,290.0,0.004,PM2.5-1HR
334,840090031003,2026-03-27,5.58,6.65,57.76,0,3.44,6.98,1013.11,1468.22,1.4,4.46,290.0,0.282,PM2.5-1HR
334,840090030025,2026-03-27,6.33,6.65,57.76,0,3.44,6.98,1012.48,2521.54,1.4,4.46,290.0,0.004,PM2.5-1HR
334,840090031003,2026-03-28,3.79,0.2,47.7,0.01,3.37,340.84,1028.3,1468.22,2.9,6.56,290.0,0.282,PM2.5-1HR
334,840090030025,2026-03-28,4.05,0.2,47.7,0.01,3.37,340.84,1028.22,2521.54,2.9,6.56,290.0,0.004,PM2.5-1HR
334,840090031003,2026-03-29,4.83,2.56,54.25,0,3.05,210.29,1032.21,1468.22,3.6,7.54,290.0,0.282,PM2.5-1HR
334,840090030025,2026-03-29,5.74,2.56,54.25,0,3.05,210.29,1031.8,2521.54,3.6,7.54,290.0,0.004,PM2.5-1HR
334,840090031003,2026-04-01,7.42,10.8,78,0,3.91,14.32,1015.24,1468.22,2.3,5.72,290.0,0.282,PM2.5-1HR
334,840090030025,2026-04-01,8.42,10.8,78,0,3.91,14.32,1013.11,2521.54,2.3,5.72,290.0,0.004,PM2.5-1HR
334,840090030025,2026-04-02,3.1,5.61,83.74,0.57,3.6,59.77,1031.17,2521.54,1.15,4.11,290.0,0.004,PM2.5-1HR
334,840090031003,2026-04-02,2.58,5.61,83.74,0.57,3.6,59.77,1031.25,1468.22,1.15,4.11,290.0,0.282,PM2.5-1HR
334,840090030025,2026-04-03,6.22,8.93,81.7,0.04,2.9,171.5,1023.49,2521.54,2.5,6.0,290.0,0.004,PM2.5-1HR
334,840090031003,2026-04-03,5.09,8.93,81.7,0.04,2.9,171.5,1023.99,1468.22,2.5,6.0,290.0,0.282,PM2.5-1HR
334,840090030025,2026-04-05,5.06,11.24,85.91,0.56,3.33,246.21,1010.22,2521.54,1.5,4.6,290.0,0.004,PM2.5-1HR
334,840090031003,2026-04-05,4,11.24,85.91,0.56,3.33,246.21,1011.51,1468.22,1.5,4.6,290.0,0.282,PM2.5-1HR
334,840090030025,2026-04-06,2.69,6.63,51.75,0,4.67,297.86,1014.7,2521.54,0.45,3.13,290.0,0.004,PM2.5-1HR
334,840090031003,2026-04-06,2.21,6.63,51.75,0,4.67,297.86,1015.03,1468.22,0.45,3.13,290.0,0.282,PM2.5-1HR
334,840090030025,2026-04-14,11.63,20.3,74,0,0.57,165,1008.65,2521.54,6.75,11.95,290.0,0.004,PM2.5-1HR
334,840090031003,2026-04-15,8.09,21.58,67,0,3,195,1009.9,1468.22,4.9,9.36,290.0,0.282,PM2.5-1HR
334,840090030025,2026-04-15,8.66,21.58,67,0,3,195,1007.7,2521.54,4.9,9.36,290.0,0.004,PM2.5-1HR
334,840090031003,2026-04-16,7.66,22.56,71.92,0.14,2.9,207.61,1009.52,1468.22,4.75,9.15,290.0,0.282,PM2.5-1HR
334,840090030025,2026-04-16,9.22,22.56,71.92,0.14,2.9,207.61,1009.52,2521.54,4.75,9.15,290.0,0.004,PM2.5-1HR
334,840090030025,2026-04-17,5.44,18.5,80.04,0.11,2.17,4.05,1010.71,2521.54,1.3,4.32,290.0,0.004,PM2.5-1HR
334,840090031003,2026-04-17,3.53,18.5,80.04,0.11,2.17,4.05,1010.71,1468.22,1.3,4.32,290.0,0.282,PM2.5-1HR
334,840090030025,2026-04-18,4.07,13.06,82.42,0,2.48,88.86,1017.31,2521.54,1.45,4.53,290.0,0.004,PM2.5-1HR
334,840090031003,2026-04-18,3.25,13.06,82.42,0,2.48,88.86,1017.31,1468.22,1.45,4.53,290.0,0.282,PM2.5-1HR
334,840090030025,2026-04-19,2.81,7.55,85.17,0.6,3.22,265.26,1011.9,2521.54,1.25,4.25,290.0,0.004,PM2.5-1HR
334,840090031003,2026-04-19,2.23,7.55,85.17,0.6,3.22,265.26,1011.9,1468.22,1.25,4.25,290.0,0.282,PM2.5-1HR
334,840090030025,2026-04-20,3.72,4.91,61.58,0.07,2.44,286.71,1021,2521.54,1.8,5.02,290.0,0.004,PM2.5-1HR
334,840090031003,2026-04-20,3.22,4.91,61.58,0.07,2.44,286.71,1021,1468.22,1.8,5.02,290.0,0.282,PM2.5-1HR
334,840090030025,2026-04-21,4.01,4.59,53.54,0,2.29,275.6,1026.55,2521.54,2.85,6.49,290.0,0.004,PM2.5-1HR
334,840090031003,2026-04-21,3.5,4.59,53.54,0,2.29,275.6,1026.55,1468.22,2.85,6.49,290.0,0.282,PM2.5-1HR
334,840090030025,2026-04-22,5.68,6.76,73.88,0.01,3.38,175.01,1020.13,2521.54,3.55,7.47,290.0,0.004,PM2.5-1HR
334,840090031003,2026-04-22,4.63,6.76,73.88,0.01,3.38,175.01,1020.13,1468.22,3.55,7.47,290.0,0.282,PM2.5-1HR
334,840090030025,2026-04-23,5.74,11.58,65.33,0,2.44,279.33,1012.37,2521.54,2.5,6.0,290.0,0.004,PM2.5-1HR
334,840090031003,2026-04-23,4.38,11.58,65.33,0,2.44,279.33,1012.37,1468.22,2.5,6.0,290.0,0.282,PM2.5-1HR
334,840090030025,2026-04-24,3.44,9.99,54.75,0,2.55,28.59,1011.02,2521.54,1.9,5.16,290.0,0.004,PM2.5-1HR
334,840090031003,2026-04-24,2.83,9.99,54.75,0,2.55,28.59,1011.02,1468.22,1.9,5.16,290.0,0.282,PM2.5-1HR
334,840090030025,2026-04-25,5.49,7.06,74,0.21,1.57,154.42,1017.68,2521.54,3.7,7.68,290.0,0.004,PM2.5-1HR
334,840090031003,2026-04-25,4.06,7.06,74,0.21,1.57,154.42,1017.68,1468.22,3.7,7.68,290.0,0.282,PM2.5-1HR
334,840090030025,2026-04-26,4.13,9.75,71.63,0.21,1.88,79.25,1019.79,2521.54,2.35,5.79,290.0,0.004,PM2.5-1HR
334,840090031003,2026-04-26,3.3,9.75,71.63,0.21,1.88,79.25,1019.79,1468.22,2.35,5.79,290.0,0.282,PM2.5-1HR
334,840090030025,2026-04-27,3.78,12.35,64.42,0,1.67,20.97,1023.5,2521.54,1.8,5.02,290.0,0.004,PM2.5-1HR
334,840090031003,2026-04-27,3.17,12.35,64.42,0,1.67,20.97,1023.5,1468.22,1.8,5.02,290.0,0.282,PM2.5-1HR
334,840090030025,2026-04-28,4.32,13.23,61.13,0,1.57,184.96,1020.7,2521.54,2.4,5.86,290.0,0.004,PM2.5-1HR
334,840090031003,2026-04-28,3.18,13.23,61.13,0,1.57,184.96,1020.7,1468.22,2.4,5.86,290.0,0.282,PM2.5-1HR
334,840090030025,2026-04-29,5.84,12.98,59.25,0,1.99,137.24,1014.66,2521.54,4.35,8.59,290.0,0.004,PM2.5-1HR
334,840090031003,2026-04-29,5,12.98,59.25,0,1.99,137.24,1014.66,1468.22,4.35,8.59,290.0,0.282,PM2.5-1HR
334,840090030025,2026-04-30,3.73,10.8,83.29,0.31,1.83,216.04,1007.87,2521.54,1.7,4.88,290.0,0.004,PM2.5-1HR
334,840090031003,2026-04-30,2.33,10.8,83.29,0.31,1.83,216.04,1007.87,1468.22,1.7,4.88,290.0,0.282,PM2.5-1HR
334,840090030025,2026-05-01,2.89,11.33,55.21,0,3.15,286.96,1010.71,2521.54,1.5,4.6,290.0,0.004,PM2.5-1HR
334,840090031003,2026-05-01,2.14,11.33,55.21,0,3.15,286.96,1010.71,1468.22,1.5,4.6,290.0,0.282,PM2.5-1HR
334,840090030025,2026-05-02,4.48,10.39,73.96,0.35,1.72,280.67,1011.4,2521.54,2.15,5.51,290.0,0.004,PM2.5-1HR
334,840090031003,2026-05-02,3.59,10.39,73.96,0.35,1.72,280.67,1011.4,1468.22,2.15,5.51,290.0,0.282,PM2.5-1HR
334,840090030025,2026-05-03,3.05,8.64,51.33,0.01,4.15,312.23,1009.8,2521.54,1.9,5.16,290.0,0.004,PM2.5-1HR
334,840090031003,2026-05-03,2.36,8.64,51.33,0.01,4.15,312.23,1009.8,1468.22,1.9,5.16,290.0,0.282,PM2.5-1HR
334,840090030025,2026-05-04,5.82,13.33,55.54,0,4.23,216.37,1010.69,2521.54,3.85,7.89,290.0,0.004,PM2.5-1HR
334,840090031003,2026-05-04,4.92,13.33,55.54,0,4.23,216.37,1010.69,1468.22,3.85,7.89,290.0,0.282,PM2.5-1HR
334,840090030025,2026-05-05,12.87,17.18,65.88,0,4.69,184.71,1009.55,2521.54,8.55,14.47,290.0,0.004,PM2.5-1HR
334,840090031003,2026-05-05,11.7,17.18,65.88,0,4.69,184.71,1009.55,1468.22,8.55,14.47,290.0,0.282,PM2.5-1HR
334,840090030025,2026-05-06,9.09,16.04,82.17,0.62,5.16,192.06,1008.58,2521.54,1.35,4.39,290.0,0.004,PM2.5-1HR
334,840090031003,2026-05-06,7.88,16.04,82.17,0.62,5.16,192.06,1008.58,1468.22,1.35,4.39,290.0,0.282,PM2.5-1HR
334,840090030025,2026-05-07,2.5,11.78,60.96,0.08,3.62,323.75,1008.91,2521.54,0.9,3.76,290.0,0.004,PM2.5-1HR
334,840090031003,2026-05-07,2.23,11.78,60.96,0.08,3.62,323.75,1008.91,1468.22,0.9,3.76,290.0,0.282,PM2.5-1HR
334,840090030025,2026-05-08,4.57,10.62,54.88,0.13,2.59,286.95,1011.14,2521.54,2.4,5.86,290.0,0.004,PM2.5-1HR
334,840090031003,2026-05-08,3.52,10.62,54.88,0.13,2.59,286.95,1011.14,1468.22,2.4,5.86,290.0,0.282,PM2.5-1HR
334,840090030025,2026-05-09,6.82,10.61,88.08,0.48,1.7,147.37,1012.7,2521.54,3,6.7,290.0,0.004,PM2.5-1HR
334,840090031003,2026-05-09,5.58,10.61,88.08,0.48,1.7,147.37,1012.7,1468.22,3,6.7,290.0,0.282,PM2.5-1HR
334,840090030025,2026-05-10,6.85,14.53,85.88,0.03,2.62,206.04,1012.79,2521.54,3.1,6.84,290.0,0.004,PM2.5-1HR
334,840090031003,2026-05-10,5.63,14.53,85.88,0.03,2.62,206.04,1012.79,1468.22,3.1,6.84,290.0,0.282,PM2.5-1HR
334,840090030025,2026-05-11,2,12.66,45.38,0,3.02,335.78,1018.42,2521.54,1.05,3.97,290.0,0.004,PM2.5-1HR
334,840090031003,2026-05-11,1.38,12.66,45.38,0,3.02,335.78,1018.42,1468.22,1.05,3.97,290.0,0.282,PM2.5-1HR
334,840090030025,2026-05-12,2.2,12.05,48.17,0,2.58,311.49,1019.78,2521.54,1,3.9,290.0,0.004,PM2.5-1HR
334,840090031003,2026-05-12,1.65,12.05,48.17,0,2.58,311.49,1019.78,1468.22,1,3.9,290.0,0.282,PM2.5-1HR
334,840090030025,2026-05-13,5.86,13.45,69.25,0.07,3.64,178.41,1014.96,2521.54,3.15,6.91,290.0,0.004,PM2.5-1HR
334,840090031003,2026-05-13,4.63,13.45,69.25,0.07,3.64,178.41,1014.96,1468.22,3.15,6.91,290.0,0.282,PM2.5-1HR
334,840090030025,2026-05-14,5.34,13.28,88.71,0.48,2.19,181.57,1007.62,2521.54,2.5,6.0,290.0,0.004,PM2.5-1HR
334,840090031003,2026-05-14,3.78,13.28,88.71,0.48,2.19,181.57,1007.62,1468.22,2.5,6.0,290.0,0.282,PM2.5-1HR
334,840090030025,2026-05-15,3.2,13.32,78.83,0.02,2.13,352.45,1010.46,2521.54,1.75,4.95,290.0,0.004,PM2.5-1HR
334,840090031003,2026-05-15,2.64,13.32,78.83,0.02,2.13,352.45,1010.46,1468.22,1.75,4.95,290.0,0.282,PM2.5-1HR
334,840090030025,2026-05-16,5.83,16.6,69.71,0,3.05,200.12,1016,2521.54,3.1,6.84,290.0,0.004,PM2.5-1HR
334,840090031003,2026-05-16,4.5,16.6,69.71,0,3.05,200.12,1016,1468.22,3.1,6.84,290.0,0.282,PM2.5-1HR
334,840090030025,2026-05-17,9.48,22.52,60.17,0,2.51,228.63,1015.17,2521.54,6.3,11.32,290.0,0.004,PM2.5-1HR
334,840090031003,2026-05-17,8.27,22.52,60.17,0,2.51,228.63,1015.17,1468.22,6.3,11.32,290.0,0.282,PM2.5-1HR
334,840090030025,2026-05-18,13.09,23.24,62.88,0,2.7,195.86,1020.09,2521.54,9.45,15.73,290.0,0.004,PM2.5-1HR
334,840090031003,2026-05-18,11.57,23.24,62.88,0,2.7,195.86,1020.09,1468.22,9.45,15.73,290.0,0.282,PM2.5-1HR
334,840090030025,2026-05-19,19.85,26.06,65.38,0.03,3.69,199.2,1016.09,2521.54,13.85,21.89,290.0,0.004,PM2.5-1HR
334,840090031003,2026-05-19,18.96,26.06,65.38,0.03,3.69,199.2,1016.09,1468.22,13.85,21.89,290.0,0.282,PM2.5-1HR
334,840090031003,2026-05-20,8.22,25.44,60.75,0.1,3.23,262.02,1013.37,1468.22,2.25,5.65,290.0,0.282,PM2.5-1HR
334,840090030025,2026-05-20,8.79,25.44,60.75,0.1,3.23,262.02,1013.37,2521.54,2.25,5.65,290.0,0.004,PM2.5-1HR
334,840090031003,2026-05-21,1.82,16.66,53.35,0.04,2.36,338.79,1021.5,1468.22,1.35,4.39,290.0,0.282,PM2.5-1HR
334,840090030025,2026-05-21,2.26,16.66,53.35,0.04,2.36,338.79,1021.17,2521.54,1.35,4.39,290.0,0.004,PM2.5-1HR
334,840090031003,2026-05-24,2.64,13.23,93.25,0.03,2.24,51.8,1027.4,1468.22,1.1,4.04,290.0,0.282,PM2.5-1HR
334,840090030025,2026-05-24,3.07,13.23,93.25,0.03,2.24,51.8,1025.32,2521.54,1.1,4.04,290.0,0.004,PM2.5-1HR
334,840090031003,2026-05-25,2.48,16.5,86.95,0.2,1.7,307.46,1018.09,1468.22,1.5,4.6,290.0,0.282,PM2.5-1HR
334,840090030025,2026-05-25,3.13,16.5,86.95,0.2,1.7,307.46,1017.67,2521.54,1.5,4.6,290.0,0.004,PM2.5-1HR
334,840090031003,2026-05-28,2.64,20.4,42.5,0,4.83,341,1008.58,1468.22,1.7,4.88,290.0,0.282,PM2.5-1HR
334,840090030025,2026-05-28,3.1,20.4,42.5,0,4.83,341,1006.5,2521.54,1.7,4.88,290.0,0.004,PM2.5-1HR
334,840090031003,2026-05-30,2.03,9.55,74.25,0,1.23,48.14,1010.83,1468.22,0.4,3.06,290.0,0.282,PM2.5-1HR
334,840090030025,2026-05-30,3,9.55,74.25,0,1.23,48.14,1008.83,2521.54,0.4,3.06,290.0,0.004,PM2.5-1HR
334,840090031003,2026-05-31,4.43,13.59,67.96,0.04,1.64,303.67,1015.05,1468.22,3.4,7.26,290.0,0.282,PM2.5-1HR
334,840090030025,2026-05-31,5.39,13.59,67.96,0.04,1.64,303.67,1015.05,2521.54,3.4,7.26,290.0,0.004,PM2.5-1HR
334,840090030025,2026-06-01,4.41,14.14,73,0.07,2.33,11.27,1016.82,2521.54,2.9,6.56,290.0,0.004,PM2.5-1HR
334,840090031003,2026-06-01,3.65,14.14,73,0.07,2.33,11.27,1016.82,1468.22,2.9,6.56,290.0,0.282,PM2.5-1HR
334,840090030025,2026-06-02,5.38,17.01,61.5,0,1.51,353.63,1019.9,2521.54,3.35,7.19,290.0,0.004,PM2.5-1HR
334,840090031003,2026-06-02,4.28,16.39,60.08,0,1.51,353.63,1020.32,1468.22,3.35,7.19,290.0,0.282,PM2.5-1HR
334,840090030025,2026-06-03,5.91,22.21,54.8,0,1.19,316.44,1017.17,2521.54,4.05,8.17,290.0,0.004,PM2.5-1HR
334,840090031003,2026-06-03,4.86,20.78,46.75,0,1.19,316.44,1019.67,1468.22,4.05,8.17,290.0,0.282,PM2.5-1HR
334,840090030025,2026-06-04,7.46,24.08,45.71,0,3.1,206.84,1015.09,2521.54,4.5,8.8,290.0,0.004,PM2.5-1HR
334,840090031003,2026-06-04,6.11,22.67,44.96,0,3.1,206.84,1017.3,1468.22,4.5,8.8,290.0,0.282,PM2.5-1HR
334,840090030025,2026-06-05,10.63,25.3,49.75,0,1.7,225.11,1010.98,2521.54,7.25,12.65,290.0,0.004,PM2.5-1HR
334,840090031003,2026-06-05,8.65,23.9,50.79,0,1.7,225.11,1013.1,1468.22,7.25,12.65,290.0,0.282,PM2.5-1HR
334,840090030025,2026-06-06,13.8,23.55,62.17,0.15,3.49,199.08,1009.79,2521.54,6.05,10.97,290.0,0.004,PM2.5-1HR
334,840090031003,2026-06-06,12,23.55,62.17,0.15,3.49,199.08,1009.79,1468.22,6.05,10.97,290.0,0.282,PM2.5-1HR
334,840090030025,2026-06-07,4.59,21.9,67.33,0.05,4.34,290.73,1008.63,2521.54,1.65,4.81,290.0,0.004,PM2.5-1HR
334,840090031003,2026-06-07,4.39,21.9,67.33,0.05,4.34,290.73,1008.63,1468.22,1.65,4.81,290.0,0.282,PM2.5-1HR
334,840090030025,2026-06-08,3.31,19.93,56.67,0,2.51,335.51,1022.67,2521.54,1.9,5.16,290.0,0.004,PM2.5-1HR
334,840090031003,2026-06-08,2.9,19.93,56.67,0,2.51,335.51,1022.67,1468.22,1.9,5.16,290.0,0.282,PM2.5-1HR
334,840090030025,2026-06-09,5.26,20.7,52.42,0,3.66,203.16,1020.59,2521.54,3.3,7.12,290.0,0.004,PM2.5-1HR
334,840090031003,2026-06-09,4.47,20.7,52.42,0,3.66,203.16,1020.59,1468.22,3.3,7.12,290.0,0.282,PM2.5-1HR
334,840090030025,2026-06-10,8.6,22.93,68.54,0.04,3.53,184.43,1011.9,2521.54,4.3,8.52,290.0,0.004,PM2.5-1HR
334,840090031003,2026-06-10,8.52,22.93,68.54,0.04,3.53,184.43,1011.9,1468.22,4.3,8.52,290.0,0.282,PM2.5-1HR
334,840090030025,2026-06-11,9.28,25.45,80.46,0.13,2.04,213,1006.64,2521.54,3.45,7.33,290.0,0.004,PM2.5-1HR
334,840090031003,2026-06-11,9.53,25.45,80.46,0.13,2.04,213,1006.64,1468.22,3.45,7.33,290.0,0.282,PM2.5-1HR
334,840090030025,2026-06-12,5.37,26.72,76.29,0.07,1.98,256.09,1004.81,2521.54,3.9,7.96,290.0,0.004,PM2.5-1HR
334,840090031003,2026-06-12,5.4,26.72,76.29,0.07,1.98,256.09,1004.81,1468.22,3.9,7.96,290.0,0.282,PM2.5-1HR
334,840090030025,2026-06-13,4.37,25.03,54.54,0,2.71,307.11,1009.89,2521.54,2.65,6.21,290.0,0.004,PM2.5-1HR
334,840090031003,2026-06-13,4.14,25.03,54.54,0,2.71,307.11,1009.89,1468.22,2.65,6.21,290.0,0.282,PM2.5-1HR
334,840090030025,2026-06-14,7.95,24.23,61.63,0,3.35,202.75,1008.1,2521.54,5.6,10.34,290.0,0.004,PM2.5-1HR
334,840090031003,2026-06-14,7.41,24.08,61.75,0,3.35,202.75,1008.48,1468.22,5.6,10.34,290.0,0.282,PM2.5-1HR
334,840090030025,2026-06-15,3.39,21.47,68.25,0.2,4.12,303.95,1001,2521.54,1.45,4.53,290.0,0.004,PM2.5-1HR
334,840090031003,2026-06-15,3.16,20.93,62.33,0.2,4.12,303.95,1003,1468.22,1.45,4.53,290.0,0.282,PM2.5-1HR
334,840090030025,2026-06-16,2.93,18.45,57.42,0,1.97,279.9,1009.75,2521.54,1.95,5.23,290.0,0.004,PM2.5-1HR
334,840090031003,2026-06-16,2.45,18.45,57.42,0,1.97,279.9,1009.75,1468.22,1.95,5.23,290.0,0.282,PM2.5-1HR
334,840090030025,2026-06-17,5.72,19.68,65.33,0,2.33,200.71,1009.71,2521.54,4.15,8.31,290.0,0.004,PM2.5-1HR
334,840090031003,2026-06-17,4.6,19.68,65.33,0,2.33,200.71,1009.71,1468.22,4.15,8.31,290.0,0.282,PM2.5-1HR
334,840090030025,2026-06-18,7.39,21.9,78.58,0.23,4.35,194.62,1002.59,2521.54,4,8.1,290.0,0.004,PM2.5-1HR
334,840090031003,2026-06-18,6.99,21.9,78.58,0.23,4.35,194.62,1002.59,1468.22,4,8.1,290.0,0.282,PM2.5-1HR
334,840090030025,2026-06-19,4.01,21.75,55.88,0,3.56,269.56,1003.23,2521.54,2.2,5.58,290.0,0.004,PM2.5-1HR
334,840090031003,2026-06-19,3.42,21.75,55.88,0,3.56,269.56,1003.23,1468.22,2.2,5.58,290.0,0.282,PM2.5-1HR
334,840090030025,2026-06-20,4.53,20.17,60.25,0.09,3.87,278.26,1006.09,2521.54,3.35,7.19,290.0,0.004,PM2.5-1HR
334,840090031003,2026-06-20,4.07,20.17,60.25,0.09,3.87,278.26,1006.09,1468.22,3.35,7.19,290.0,0.282,PM2.5-1HR
334,840090030025,2026-06-21,4.34,21.05,56.42,0,2.17,279.52,1010.84,2521.54,2.85,6.49,290.0,0.004,PM2.5-1HR
334,840090031003,2026-06-21,3.91,21.05,56.42,0,2.17,279.52,1010.84,1468.22,2.85,6.49,290.0,0.282,PM2.5-1HR
334,840090030025,2026-06-22,6.54,18.24,85.25,0.72,1.8,31.32,1015.8,2521.54,5,9.5,290.0,0.004,PM2.5-1HR
334,840090031003,2026-06-22,5.96,18.24,85.25,0.72,1.8,31.32,1015.8,1468.22,5,9.5,290.0,0.282,PM2.5-1HR
334,840090031003,2026-06-23,3.94,18.92,95.92,0.45,2.3,330.76,1011.16,1468.22,1.6,4.74,290.0,0.282,PM2.5-1HR
334,840090030025,2026-06-23,3.61,18.92,95.92,0.45,2.3,330.76,1011.16,2521.54,1.6,4.74,290.0,0.004,PM2.5-1HR
334,840090031003,2026-06-24,4.84,20.96,70.83,0,2.58,316.32,1012.99,1468.22,3.7,7.68,290.0,0.282,PM2.5-1HR
334,840090030025,2026-06-24,5.45,20.96,70.83,0,2.58,316.32,1012.99,2521.54,3.7,7.68,290.0,0.004,PM2.5-1HR
334,840090031003,2026-06-25,6.15,21.1,64.58,0,1.6,216.16,1017.6,1468.22,4.95,9.43,290.0,0.282,PM2.5-1HR
334,840090030025,2026-06-25,6.46,21.1,64.58,0,1.6,216.16,1017.6,2521.54,4.95,9.43,290.0,0.004,PM2.5-1HR
334,840090031003,2026-06-26,8.39,21.98,82.25,0.37,2.74,195.65,1016.62,1468.22,5.2,9.78,290.0,0.282,PM2.5-1HR
334,840090030025,2026-06-26,9.11,21.98,82.25,0.37,2.74,195.65,1016.62,2521.54,5.2,9.78,290.0,0.004,PM2.5-1HR
334,840090031003,2026-06-27,8.91,22.54,75.71,0.01,1.38,256.99,1016.35,1468.22,5.7,10.48,290.0,0.282,PM2.5-1HR
334,840090030025,2026-06-27,8.12,22.54,75.71,0.01,1.38,256.99,1016.35,2521.54,5.7,10.48,290.0,0.004,PM2.5-1HR
334,840090031003,2026-06-28,9.7,22.01,82.13,0.07,1.2,141.67,1015.47,1468.22,6.15,11.11,290.0,0.282,PM2.5-1HR
334,840090030025,2026-06-28,9.54,22.01,82.13,0.07,1.2,141.67,1015.47,2521.54,6.15,11.11,290.0,0.004,PM2.5-1HR
334,840090031003,2026-06-29,11.62,23.85,71.21,0,1.33,313.42,1018.16,1468.22,7.6,13.14,290.0,0.282,PM2.5-1HR
334,840090030025,2026-06-29,12.29,23.85,71.21,0,1.33,313.42,1018.16,2521.54,7.6,13.14,290.0,0.004,PM2.5-1HR
334,840090031003,2026-06-30,12.01,23.99,75.71,0.17,1.95,190.65,1018.04,1468.22,8.05,13.77,290.0,0.282,PM2.5-1HR
334,840090030025,2026-06-30,13.88,23.99,75.71,0.17,1.95,190.65,1018.04,2521.54,8.05,13.77,290.0,0.004,PM2.5-1HR
334,840090030025,2026-07-01,12.31,27.31,70.79,0.02,2.88,216.1,1014.17,2521.54,7.4,12.86,290.0,0.004,PM2.5-1HR
334,840090031003,2026-07-01,10.79,27.31,70.79,0.02,2.88,216.1,1014.17,1468.22,7.4,12.86,290.0,0.282,PM2.5-1HR
334,840090030025,2026-07-02,15.5,29.96,68.92,0.01,2.07,244.9,1013.52,2521.54,9.1,15.24,290.0,0.004,PM2.5-1HR
334,840090031003,2026-07-02,13.45,29.96,68.92,0.01,2.07,244.9,1013.52,1468.22,9.1,15.24,290.0,0.282,PM2.5-1HR
334,840090030025,2026-07-03,11.54,30.12,65,0.01,2.77,300.84,1012.64,2521.54,8.75,14.75,290.0,0.004,PM2.5-1HR
334,840090031003,2026-07-03,10.37,30.12,65,0.01,2.77,300.84,1012.64,1468.22,8.75,14.75,290.0,0.282,PM2.5-1HR
334,840090030025,2026-07-04,10.63,27.94,70.96,0.19,2.4,282.06,1011.39,2521.54,7.4,12.86,290.0,0.004,PM2.5-1HR
334,840090031003,2026-07-04,10.55,27.94,70.96,0.19,2.4,282.06,1011.39,1468.22,7.4,12.86,290.0,0.282,PM2.5-1HR
334,840090030025,2026-07-05,16.75,23.25,88.88,0.65,1.81,57.38,1015.03,2521.54,11.1,18.04,290.0,0.004,PM2.5-1HR
334,840090031003,2026-07-05,13.91,23.25,88.88,0.65,1.81,57.38,1015.03,1468.22,11.1,18.04,290.0,0.282,PM2.5-1HR
334,840090030025,2026-07-06,10.15,18.69,92.8,1.5,2.37,84.74,1019.38,2521.54,4.2,8.38,290.0,0.004,PM2.5-1HR
334,840090031003,2026-07-06,9.11,18.57,92.25,1.5,2.37,84.74,1019.8,1468.22,4.2,8.38,290.0,0.282,PM2.5-1HR
334,840090030025,2026-07-07,4.92,17.65,94.75,0.05,3.73,3.25,1013.71,2521.54,2.35,5.79,290.0,0.004,PM2.5-1HR
334,840090031003,2026-07-07,4.61,17.28,92.42,0.05,3.73,3.25,1015.96,1468.22,2.35,5.79,290.0,0.282,PM2.5-1HR
334,840090030025,2026-07-09,7.84,26.79,79.58,0.03,2.85,197.9,1006.92,2521.54,4.75,9.15,290.0,0.004,PM2.5-1HR
334,840090031003,2026-07-09,6.66,25.78,71.04,0.03,2.85,197.9,1009.21,1468.22,4.75,9.15,290.0,0.282,PM2.5-1HR
334,840090030025,2026-07-10,5.48,27.37,78.25,0.01,2.04,278.47,1004.79,2521.54,3.55,7.47,290.0,0.004,PM2.5-1HR
334,840090031003,2026-07-10,4.76,25.69,72.08,0.01,2.04,278.47,1007.13,1468.22,3.55,7.47,290.0,0.282,PM2.5-1HR
334,840090030025,2026-07-11,12.63,25.78,70,0,1.98,2.9,1010.58,2521.54,6.45,11.53,290.0,0.004,PM2.5-1HR
334,840090031003,2026-07-11,11.07,24.68,61.08,0,1.98,2.9,1013.17,1468.22,6.45,11.53,290.0,0.282,PM2.5-1HR
334,840090030025,2026-07-12,9.67,24.59,65.25,0,1.71,14.91,1016.96,2521.54,6.7,11.88,290.0,0.004,PM2.5-1HR
334,840090031003,2026-07-12,9.52,23.25,57.63,0,1.71,14.91,1019.25,1468.22,6.7,11.88,290.0,0.282,PM2.5-1HR
334,840090030025,2026-07-13,10.84,25.88,69.5,0.02,3.03,202.2,1016.96,2521.54,7.9,13.56,290.0,0.004,PM2.5-1HR
334,840090031003,2026-07-13,9.17,24.55,61.29,0.02,3.03,202.2,1019.33,1468.22,7.9,13.56,290.0,0.282,PM2.5-1HR
334,840090030025,2026-07-15,29.3,28.69,53.5,0,3.28,288.73,1005.46,2521.54,12.1,19.44,290.0,0.004,PM2.5-1HR
334,840090031003,2026-07-15,26.7,27.2,57.67,0,3.28,288.73,1007.75,1468.22,12.1,19.44,290.0,0.282,PM2.5-1HR
334,840090030025,2026-07-17,24.35,24.74,49.9,0,1.94,250.42,1011.88,2521.54,7,12.3,290.0,0.004,PM2.5-1HR
334,840090031003,2026-07-17,22.1,22.65,56.17,0,1.94,250.42,1014.21,1468.22,7,12.3,290.0,0.282,PM2.5-1HR
334,840090030025,2026-07-18,53.49,23.17,82.15,0.49,3.36,194.88,1006.88,2521.54,9,15.1,290.0,0.004,PM2.5-1HR
334,840090031003,2026-07-18,48.19,21.68,80.13,0.49,3.36,194.88,1009.33,1468.22,9,15.1,290.0,0.282,PM2.5-1HR
334,840090030025,2026-07-19,9.43,23.29,56.2,0,2.92,298.39,1003.83,2521.54,5.85,10.69,290.0,0.004,PM2.5-1HR
334,840090031003,2026-07-19,8.61,22.23,61.33,0,2.92,298.39,1006.17,1468.22,5.85,10.69,290.0,0.282,PM2.5-1HR
334,840090030025,2026-08-02,5.78,24.95,79.61,0.11,3.68,176.73,1012.74,2521.54,6.65,11.81,290.0,0.004,PM2.5-1HR
334,840090031003,2026-08-02,4.89,24.7,79.96,0.11,3.68,176.73,1013.33,1468.22,6.65,11.81,290.0,0.282,PM2.5-1HR
334,840090030025,2026-08-03,6.39,25.07,73,0,3.12,301.25,1004.83,2521.54,2.55,6.07,290.0,0.004,PM2.5-1HR
334,840090031003,2026-08-03,5.12,24.34,83.08,0,3.12,301.25,1006.91,1468.22,2.55,6.07,290.0,0.282,PM2.5-1HR
334,840090030025,2026-08-06,9.73,29.03,86.25,0.26,2.06,200.05,1014.58,2521.54,3.9,7.96,290.0,0.004,PM2.5-1HR
334,840090031003,2026-08-06,7.74,28,76,0.26,2.06,200.05,1017.13,1468.22,3.9,7.96,290.0,0.282,PM2.5-1HR
334,840090030025,2026-08-07,7.95,29.12,76.85,0.04,1.46,259.48,1014.17,2521.54,3.75,7.75,290.0,0.004,PM2.5-1HR
334,840090031003,2026-08-07,6.8,28.02,69.58,0.04,1.46,259.48,1016.54,1468.22,3.75,7.75,290.0,0.282,PM2.5-1HR
334,840090030025,2026-08-08,6.46,26.73,85,0,2.07,187,1010.51,2521.54,3.8,7.82,290.0,0.004,PM2.5-1HR
334,840090031003,2026-08-08,5.88,25.57,77.88,0,2.07,187,1012.89,1468.22,3.8,7.82,290.0,0.282,PM2.5-1HR
