"metro_id","fullaqsid","date","aq_daily_mean","temp_daily_mean","rhum_daily_mean","precip_daily_mean","ws_daily_mean","wd_daily_mean_deg","barpr_daily_mean","population","bg3","sat_monthly_mean","metro_pop_density_year","dist_km_motorway_trunk_primary_secondary","partition_key"
943,"FIX-943-01",2019-03-25,12.3395820101416,11.3717747183129,58.1480702244064,1.35920748117918,2.80445592474671,292.450693337712,1012.21471648323,5951.8982292328,5.86496513530573,8.92956350377619,5223.80162501422,1.102,"PM2.5-1HR"
943,"FIX-943-01",2019-03-26,13.0631450629373,14.5333972075822,63.4734832459814,2.50686264568269,3.30663685250098,230.667076079873,1007.74949603378,5897.62334731073,5.60049383754178,8.88781321233013,5211.78115807533,1.102,"PM2.5-1HR"
943,"FIX-943-01",2019-03-27,12.6721142285797,11.7934782136287,56.4800574964756,0.139320947553794,3.42815315796647,121.816213686252,1012.04259164506,5926.63089571774,6.36031117535731,9.09488706816078,5234.06800149854,1.102,"PM2.5-1HR"
943,"FIX-943-01",2019-03-28,13.7739548142813,11.6941552582316,67.1776361923581,0.912282201951475,3.16263046153641,114.756211701548,1018.99382512182,5902.60317231643,5.67359120017058,9.60526968480057,5176.16171536271,1.102,"PM2.5-1HR"
943,"FIX-943-01",2019-03-29,12.0060459842453,12.5813235891659,63.2988945000469,1.53791642710958,4.64664444693911,204.153120351257,1009.49560273919,5789.02764337063,5.60428339849084,9.24240803213232,5195.1929890933,1.102,"PM2.5-1HR"
943,"FIX-943-01",2019-03-30,13.085627788109,12.0287824523412,64.9983595496399,2.77382309113408,3.97578808664691,43.0544734830037,1014.4760973968,5887.36132703054,6.44644630844187,8.97010355005655,5208.61527248378,1.102,"PM2.5-1HR"
943,"FIX-943-01",2019-03-31,13.1249146383082,12.5774983964248,61.3544052539744,1.0743769945904,4.39631304572047,2.88044108892791,1015.64943572807,5858.07568921884,6.52036676823566,8.75494766307002,5229.9601777645,1.102,"PM2.5-1HR"
943,"FIX-943-01",2019-04-01,11.3513113653378,12.2099323553119,69.8679143089814,3.18261067318079,3.62241925118252,88.1607205593027,1006.70460177902,5891.56750473871,5.7083881712233,9.1841167446819,5212.42868157036,1.102,"PM2.5-1HR"
943,"FIX-943-01",2019-04-02,12.0461872887229,12.1047326918698,66.073527052974,0.792155142577905,0.845169291717396,16.2829234716482,1010.83746705541,5929.53460329302,6.69965924320928,9.80138103156858,5206.71283844727,1.102,"PM2.5-1HR"
943,"FIX-943-01",2019-04-03,11.7091606477102,13.2104579099783,59.9521842812108,2.26804288741467,2.33717776848657,137.567622284871,1015.42212919118,5865.75741390536,6.2421273726608,9.37053898070158,5241.70517745505,1.102,"PM2.5-1HR"
943,"FIX-943-01",2019-04-04,11.2006934812141,12.5412684221387,63.5468127295943,2.92418113109192,3.31360646504745,262.184713361319,1014.25597348575,5967.02827467371,5.88532624204112,10.0875321332822,5205.61215410247,1.102,"PM2.5-1HR"
943,"FIX-943-01",2019-04-05,11.4302777760619,13.2590817700882,60.6192210685395,0.746410552002582,3.50922709878972,315.227120086784,1015.15517155879,5967.67480171852,6.14498514258382,9.67581503992744,5189.66111431445,1.102,"PM2.5-1HR"
943,"FIX-943-01",2019-04-06,11.3893930076612,12.0111753715007,60.9451167266228,1.26048303961179,3.25375611411984,7.99872258328833,1015.00667077374,5948.93410885492,6.2137313638115,9.44786652913044,5196.14201892153,1.102,"PM2.5-1HR"
943,"FIX-943-01",2019-04-07,11.1050776104326,12.5252970036504,58.9007018683448,1.07387426768998,2.99591568037728,87.607881341828,1011.0342240345,5839.10582085539,5.50835905554606,9.52332356146945,5248.31122202849,1.102,"PM2.5-1HR"
943,"FIX-943-01",2019-04-08,10.92591054563,13.3247269232975,59.4388884607839,2.48737125051216,4.1251199839585,18.839284225367,1013.615569802,5885.33887628654,5.81370246928404,9.87802658395381,5222.33835166815,1.102,"PM2.5-1HR"
943,"FIX-943-01",2019-04-09,11.9541078066007,13.2630707007909,57.4103907858583,0.717518081746411,2.06410173585956,101.406496033771,1011.28753329549,5881.96483227264,6.40698682872569,10.1840248326338,5149.1101794953,1.102,"PM2.5-1HR"
943,"FIX-943-01",2019-04-10,11.5007124232899,14.8916130189348,58.9946056583155,1.19077132461114,3.33247342214939,334.077262661187,1011.79907504024,5834.39437879216,5.96367580977641,9.76565774194622,5217.49532802308,1.102,"PM2.5-1HR"
943,"FIX-943-01",2019-04-11,11.5570426583399,15.6075412097255,59.0619651341833,0,2.95187125347405,187.078362228582,1013.17391773805,5917.38051567171,6.12714998608786,9.90021677083833,5178.21375791949,1.102,"PM2.5-1HR"
943,"FIX-943-01",2019-04-12,11.435376162771,16.6174525773821,59.6996704353689,2.4917980004164,4.77414276754715,149.762627350632,1015.69948998867,5921.61698701073,6.00447901924367,10.2059060984247,5227.09973678296,1.102,"PM2.5-1HR"
943,"FIX-943-01",2019-04-13,11.1545586362002,14.6258662104868,65.7847495078838,2.24263930538374,3.29956752237342,43.2231232712511,1013.37492312748,5848.10325197259,6.05081855087705,9.61234440183088,5178.83861299125,1.102,"PM2.5-1HR"
943,"FIX-943-02",2019-03-25,12.8535595146154,11.2497367288143,67.430176789497,0.253515509236601,3.27631655263534,307.552758521168,1016.38517823003,6811.33019138081,6.07073496891833,9.07371621085003,5271.19004045316,2.287,"PM2.5-1HR"
943,"FIX-943-02",2019-03-26,14.9981153442376,14.2196999542381,68.3452473819516,3.01180291069123,2.68158035097138,297.528527218616,1009.59093570755,6859.67267615005,6.52124906605728,9.18268108426669,5223.27297564557,2.287,"PM2.5-1HR"
943,"FIX-943-02",2019-03-27,13.5866373149024,13.0524760426812,65.1263340955024,0.797255278227863,3.52509252470491,232.829813447781,1015.57094247078,6826.55627882684,5.88596992478671,9.18418127846906,5172.88414741776,2.287,"PM2.5-1HR"
943,"FIX-943-02",2019-03-28,14.4128198257813,11.0247344469744,61.7367645377783,3.70756905365466,3.13369011250064,210.654497866752,1011.87612602892,6803.17788744773,6.16604582028359,9.221932228819,5165.2688308594,2.287,"PM2.5-1HR"
943,"FIX-943-02",2019-03-29,15.0108193161039,14.8387464662465,56.2587013461274,1.07557511819922,2.069785139306,63.1207361039706,1011.70290998818,6786.70377723556,6.15585981542951,9.08043107712883,5185.38887476805,2.287,"PM2.5-1HR"
943,"FIX-943-02",2019-03-30,13.8791126253482,14.9180586983836,60.2661970157831,0.116440216877133,3.58161397881405,222.282478050096,1018.01692357568,6745.40621769301,6.03830793669453,9.41772447514658,5194.83929578243,2.287,"PM2.5-1HR"
943,"FIX-943-02",2019-03-31,14.2668046846726,14.1869684342316,65.6464719333887,1.56702562984071,2.49285232140779,201.323362424038,1015.00006631816,6710.83012119922,6.25574214488751,9.66007693050731,5203.76340488058,2.287,"PM2.5-1HR"
943,"FIX-943-02",2019-04-01,11.8444173587139,14.3600321731381,63.1523187284419,1.72946707904413,3.87688082668718,33.6895942909177,1003.04352351155,6761.80436674401,6.23736798345277,8.84506662661405,5186.0429921856,2.287,"PM2.5-1HR"
943,"FIX-943-02",2019-04-02,12.7100006275808,14.9685596152693,63.9869721769034,1.99632489228388,1.33199827201243,344.517999072094,1017.35759907337,6887.78462291967,5.67885045337519,9.08066186653638,5215.09587327437,2.287,"PM2.5-1HR"
943,"FIX-943-02",2019-04-03,11.3906152205382,14.2282759344747,60.1848003358874,3.34224939540483,3.01565674144412,308.542554217158,1011.99945467357,6782.81514236074,5.59435537022683,8.97201676749934,5206.73714169513,2.287,"PM2.5-1HR"
943,"FIX-943-02",2019-04-04,11.6728461941315,13.5555455412505,65.7330097405631,1.04343102288799,2.68607181222766,314.326556588989,1012.27357556735,6696.51784654637,5.6345248117997,9.5712856026648,5186.08355607104,2.287,"PM2.5-1HR"
943,"FIX-943-02",2019-04-05,12.9866909530397,12.799512416093,70.3117856082967,0,1.92072418888977,276.297791712452,1011.21889617287,6774.59523843689,5.66872080131143,9.54243632682827,5226.08511350147,2.287,"PM2.5-1HR"
943,"FIX-943-02",2019-04-06,11.111723964229,13.7654243405657,57.9596672752706,2.08540614974359,4.46571346415215,120.419897922315,1012.02002857899,6765.45338678011,6.62240444017476,8.72858312369254,5173.24948218716,2.287,"PM2.5-1HR"
943,"FIX-943-02",2019-04-07,12.0600366150242,15.7822978076733,62.6126888140033,2.17743367817533,3.73205841037408,242.851559648989,1015.69333681699,6751.19445630897,6.34226354999872,9.69553743960248,5185.77205551834,2.287,"PM2.5-1HR"
943,"FIX-943-02",2019-04-08,12.2329627730646,14.9639280918552,57.2561206612529,3.45091503089983,1.72073664764202,165.608351693023,1020.49338275345,6684.62676391934,5.80555783554165,9.71951507844063,5195.8036968629,2.287,"PM2.5-1HR"
943,"FIX-943-02",2019-04-09,12.6965503204406,15.4086770272214,62.0050084227346,1.82866779571068,3.69546564095553,313.918083278695,1012.80261157615,6857.02979701776,6.16960809298428,9.78393112805682,5216.35300216197,2.287,"PM2.5-1HR"
943,"FIX-943-02",2019-04-10,12.2532634457723,14.2510080647273,61.1595050233703,0,2.77196646733309,101.983663015068,1012.38794869613,6793.01330160476,6.11602740190675,9.64651845279983,5220.68406770182,2.287,"PM2.5-1HR"
943,"FIX-943-02",2019-04-11,13.3399069423328,14.6548645779803,55.4922762683942,3.17481632039078,1.44221996611035,292.807181046112,1013.37081573171,6766.936101949,6.34102913046066,9.74125071755712,5211.34767012939,2.287,"PM2.5-1HR"
943,"FIX-943-02",2019-04-12,11.3101885705832,15.6808692448064,62.8475260749003,0,4.24802791884649,296.430515895132,1010.32609843127,6785.88254891305,5.81472838301548,9.86583927033949,5198.28702226478,2.287,"PM2.5-1HR"
943,"FIX-943-02",2019-04-13,11.8712419629283,15.8918403764865,60.9115658395788,0,2.25564869802502,25.887747803703,1015.43982898774,6771.43481526611,5.67619154821208,10.029381237454,5170.76970119935,2.287,"PM2.5-1HR"
943,"FIX-943-03",2019-03-25,14.5756389333534,14.1025933156125,68.7118187721962,0.990477532277888,2.83078011081563,79.0290282284841,1012.68329421459,7706.13870064123,5.80557464081852,9.2400572764219,5236.9988285797,1.208,"PM2.5-1HR"
943,"FIX-943-03",2019-03-26,15.9086372174391,13.7200987586719,66.447056194854,0.657921553140707,2.11654516356528,338.682310420554,1017.21209082714,7693.94070701559,6.19397916971441,9.39102135385107,5204.18602408607,1.208,"PM2.5-1HR"
943,"FIX-943-03",2019-03-27,15.6186122091031,14.4295519077811,61.7410544494836,3.21119476189886,2.926392267843,190.491553260246,1008.90880606504,7695.3119833009,6.41276133877245,9.08762629462162,5220.89476603611,1.208,"PM2.5-1HR"
943,"FIX-943-03",2019-03-28,15.8173587031509,12.7886425042214,64.5141714811005,0.808737425191951,2.24940935016227,342.683116457891,1010.91176619434,7640.55480102478,6.79754197658343,9.14466763587547,5192.69876992717,1.208,"PM2.5-1HR"
943,"FIX-943-03",2019-03-29,15.3341249397429,14.2017597065952,67.4538174097809,0,2.95281897468555,124.474245769437,1008.25131042173,7738.41739284194,5.97416607163042,9.27590126802781,5186.23520529925,1.208,"PM2.5-1HR"
943,"FIX-943-03",2019-03-30,14.7594530144702,14.434055585349,59.4761754218926,1.32153528956497,3.57141957370811,255.911394693656,1011.38189602527,7627.76725883312,5.86344330337662,9.14376439419308,5218.10716184075,1.208,"PM2.5-1HR"
943,"FIX-943-03",2019-03-31,14.971251639836,14.3980850134063,67.5155772359179,1.45724536598985,2.53781183754553,102.422792734811,1012.01564001829,7573.62478103126,5.88526036358609,9.0959463632648,5172.40199700986,1.208,"PM2.5-1HR"
943,"FIX-943-03",2019-04-01,13.2645112089927,13.4486739250577,59.7621053610193,1.08230807642697,2.76594128991506,306.803870627424,1013.6119942058,7667.11798414111,6.10626215111334,9.34951082870491,5193.50513813035,1.208,"PM2.5-1HR"
943,"FIX-943-03",2019-04-02,13.1083539317256,14.0420044768971,62.5228582509271,2.02782777936468,2.48219202834142,353.232273784,1014.38156690659,7691.87513449994,5.95802250446376,9.08161969576084,5212.67143413186,1.208,"PM2.5-1HR"
943,"FIX-943-03",2019-04-03,12.3094160975297,13.5590332313773,58.928088879222,0.686398331753102,2.35900697148043,335.517163363053,1011.23837776175,7636.95996941987,6.53977911375565,8.87550492572278,5208.04720341428,1.208,"PM2.5-1HR"
943,"FIX-943-03",2019-04-04,13.4325568331146,14.0995081094587,65.3785116402373,0.553225775727445,1.42770409523758,133.181763707194,1014.94787714884,7661.42073537581,6.69768092624046,9.83773090648027,5208.52091684849,1.208,"PM2.5-1HR"
943,"FIX-943-03",2019-04-05,13.5724178567114,14.1409629793739,64.1653971347528,0.546928765373618,3.25679822631114,330.297802329529,1010.83902952103,7716.23691349249,5.94752203955051,9.37646156618706,5215.02955919101,1.208,"PM2.5-1HR"
943,"FIX-943-03",2019-04-06,13.0982009616248,16.6949164817588,53.5713551920268,0.750841247663217,3.95818398389294,132.091567609925,1011.75762173091,7750.55597552045,6.45767628406323,9.83074308089,5210.84438302609,1.208,"PM2.5-1HR"
943,"FIX-943-03",2019-04-07,13.0497644798829,15.4794862114721,58.6693251052938,0,2.27963360495994,119.516872978071,1019.88255559102,7613.73507215711,6.54445250522853,9.77468803452146,5197.91955176172,1.208,"PM2.5-1HR"
943,"FIX-943-03",2019-04-08,13.4414116869716,14.1288880009783,56.6162594923539,0.389903954437014,3.14913779690466,127.98770521977,1005.89316291808,7664.01362177034,6.33906582388474,9.52138329582795,5205.8479784576,1.208,"PM2.5-1HR"
943,"FIX-943-03",2019-04-09,12.2907219594073,15.0530431062593,60.9114402851091,2.43563963660543,3.69228740518624,178.747451782925,1017.21395958591,7697.6556763834,6.52190863889378,10.0210746142422,5209.76121349883,1.208,"PM2.5-1HR"
943,"FIX-943-03",2019-04-10,12.4797323319141,15.059030938776,61.9792465367586,2.61598414613154,2.86770984302635,347.155336632859,1018.91845308069,7641.83129798924,5.5995891769753,9.93509440050456,5237.68019969947,1.208,"PM2.5-1HR"
943,"FIX-943-03",2019-04-11,12.9081235365581,15.1716518581582,63.8610957835526,0.27950305731584,2.92665789423805,292.146510028979,1007.2992525888,7668.86777161562,5.75348555433558,10.0517286762864,5202.41075850923,1.208,"PM2.5-1HR"
943,"FIX-943-03",2019-04-12,13.1219319489259,15.715370010709,59.7650129388002,0.405015956186365,2.75321522312698,209.766497625737,1013.17023375545,7732.21483525474,5.91531924465849,9.81408611037198,5165.59452815876,1.208,"PM2.5-1HR"
943,"FIX-943-03",2019-04-13,11.8848944701942,16.7086979222479,64.1890228170282,0,3.74069740533171,31.742159179179,1011.18776432708,7709.53787315574,5.71086581027829,10.11786519246,5222.10542718511,1.208,"PM2.5-1HR"
943,"FIX-943-04",2019-03-25,16.1926392934393,14.4594734756879,63.9763245581322,2.00358927340394,3.42253986635126,175.447623282671,1015.74113155033,8536.17477551225,5.92210943528327,8.83061751248073,5194.14228391657,0.165,"PM2.5-1HR"
943,"FIX-943-04",2019-03-26,15.2369316565466,14.6665198387469,67.7049687605745,0,3.6347381223185,266.346811260795,1013.72011691904,8678.06873780542,5.67600877964501,9.08783312676821,5180.2190744654,0.165,"PM2.5-1HR"
943,"FIX-943-04",2019-03-27,16.1995830855722,13.5736604145287,67.4362969147268,0.789341393667214,4.01166927315785,177.131359560648,1009.60029118322,8532.02403133014,6.16319821898523,8.87733766812728,5180.73086947622,0.165,"PM2.5-1HR"
943,"FIX-943-04",2019-03-28,15.8593088838325,13.353670017549,64.7518029445922,0.882118348322011,2.60972844275721,43.2355390819721,1014.94702204601,8590.817575929,7.0192569472173,9.87827230306515,5185.56750729151,0.165,"PM2.5-1HR"
943,"FIX-943-04",2019-03-29,14.7469140718409,14.5920076691414,63.2803587028902,0.0499474027154778,2.4795558944395,226.807615478756,1010.45237782663,8703.27829515744,6.09258487811111,9.07284294771257,5197.598069973,0.165,"PM2.5-1HR"
943,"FIX-943-04",2019-03-30,15.845887659059,14.493967160134,61.3900781178634,0.518441624912816,4.4904839139465,10.0174780390225,1011.26561063085,8645.59990051016,6.19683289461312,9.3322858745227,5166.29991693792,0.165,"PM2.5-1HR"
943,"FIX-943-04",2019-03-31,15.249039914573,14.9504764236985,64.6946093315816,1.0193588125414,4.3853579154234,168.273626436945,1010.58894034741,8592.39024052754,6.25547735553174,9.69365659837895,5209.46890057767,0.165,"PM2.5-1HR"
943,"FIX-943-04",2019-04-01,14.224181059709,16.3725026541847,61.79253354364,0,3.62838603224967,334.538274997612,1013.83735725103,8567.02621755957,5.85987924199488,9.42846853395057,5204.34034642321,0.165,"PM2.5-1HR"
943,"FIX-943-04",2019-04-02,13.4080225396328,14.2762632259531,61.9749179534201,2.23962813915812,2.50910765879695,248.320227811346,1010.36195166204,8640.35996084094,5.52293225743304,9.53515868201859,5189.98866994463,0.165,"PM2.5-1HR"
943,"FIX-943-04",2019-04-03,14.4666837990978,15.2820898880782,65.883788000898,1.13326271587645,2.6877448815805,288.506263351068,1013.58348858253,8684.78064398542,5.87109767560885,9.67495330683715,5225.27368398846,0.165,"PM2.5-1HR"
943,"FIX-943-04",2019-04-04,15.3037846724,14.8045522430441,54.2895070127322,1.88169480421768,3.08296639864913,294.881638931343,1021.30143766194,8579.08144787632,5.81212632210494,9.21591086517559,5207.72533440734,0.165,"PM2.5-1HR"
943,"FIX-943-04",2019-04-05,13.4381701330826,16.2690422133698,66.4799129250258,0.995215751361379,2.78188058720402,322.734383474803,1010.29064469801,8650.9268286792,5.65320864504248,9.60339494213923,5203.31512025471,0.165,"PM2.5-1HR"
943,"FIX-943-04",2019-04-06,14.0099044180633,15.8401759595326,61.0292936263072,1.16262838286467,3.21457591406244,85.8595606810413,1010.78846083064,8615.45286622092,6.37117334754524,9.63875886830424,5191.85386619055,0.165,"PM2.5-1HR"
943,"FIX-943-04",2019-04-07,14.6215821474929,15.2607049344848,55.2618834239809,1.3894239140987,2.05670009842547,144.047753776191,1008.36307387224,8653.53443461677,5.81472131152714,9.73631787319495,5190.21956226209,0.165,"PM2.5-1HR"
943,"FIX-943-04",2019-04-08,12.9831025058751,13.4444502671682,61.024321498648,2.62662855136361,2.76451308983042,89.0595265736338,1010.28872727584,8611.67836895487,6.03736895670052,9.89134189443061,5224.78971094459,0.165,"PM2.5-1HR"
943,"FIX-943-04",2019-04-09,13.6277625651768,16.0517220174089,66.823796864639,1.44153173668697,2.41479945035992,231.571808606619,1011.48447469027,8559.15132121443,5.7018787744932,9.95160477684361,5198.96279549305,0.165,"PM2.5-1HR"
943,"FIX-943-04",2019-04-10,13.751897297014,15.2558711720269,58.1131251885355,1.01979365480586,3.24448854538447,72.5547898986842,1013.33202175096,8551.35410730587,6.2929949100354,9.55805347885103,5186.02838930897,0.165,"PM2.5-1HR"
943,"FIX-943-04",2019-04-11,13.9023357660192,16.7312849385166,62.256227591387,2.55099592086816,2.55301033356191,153.851411793148,1018.30494899736,8618.47415488388,6.3557994542579,10.0595035931213,5217.86135171342,0.165,"PM2.5-1HR"
943,"FIX-943-04",2019-04-12,13.3627425896729,17.3955319289934,65.7182977053199,1.62969833528992,2.22940795548419,357.885435516015,1016.93838437836,8655.51198238589,5.58961884884579,9.29237347301686,5185.93918023986,0.165,"PM2.5-1HR"
943,"FIX-943-04",2019-04-13,14.6863867577893,18.0828390345032,67.5153072050725,0.195347433874348,1.58300293994489,260.25642709597,1012.87372104061,8606.25715911087,6.05002813899822,10.2449243155888,5255.397683383,0.165,"PM2.5-1HR"
943,"FIX-943-05",2019-03-25,17.2514977008554,15.9354776228064,60.3858264281614,3.15690610831589,4.02802502147063,354.748945736792,1007.41689218836,9498.52206184481,5.89987868331332,8.4827320650413,5212.38773170648,0.568,"PM2.5-1HR"
943,"FIX-943-05",2019-03-26,16.7169757462432,15.3105090292549,56.5202540029663,0,2.67796703320097,164.957478483208,1011.72496432482,9489.43135035105,5.80000725102214,8.55614191056074,5235.95591736364,0.568,"PM2.5-1HR"
943,"FIX-943-05",2019-03-27,16.0853445077561,14.6906893444331,58.0812923492529,2.1533933817086,4.1175456749117,329.520566927968,1014.54896888148,9512.43707032669,6.3839613018409,9.25474290307408,5179.41640847523,0.568,"PM2.5-1HR"
943,"FIX-943-05",2019-03-28,16.8425618386205,15.2085104851988,63.9696330680488,1.52679609774794,2.89186886671368,255.741519448115,1016.66490561558,9463.92931892855,6.06144272139133,8.89227997371343,5176.40707962803,0.568,"PM2.5-1HR"
943,"FIX-943-05",2019-03-29,16.6651994476416,17.3507505826223,67.5750534350094,2.33268494475089,2.3403669185899,55.5000733230263,1004.90194059131,9467.84766706061,6.27652467255285,8.6886864236798,5225.50394241876,0.568,"PM2.5-1HR"
943,"FIX-943-05",2019-03-30,16.974952676949,16.0395025390195,66.9184235143278,1.23449089320959,2.63229983489466,137.607356657274,1009.18082032389,9447.93711157973,6.89881862951891,9.69021282386303,5204.98366482624,0.568,"PM2.5-1HR"
943,"FIX-943-05",2019-03-31,16.6010076022785,16.4384684940587,64.7114490098919,1.07973116365304,3.72174463378118,114.828245537356,1014.01841624442,9523.61480615086,5.66281854093814,9.78680392709982,5192.85349079601,0.568,"PM2.5-1HR"
943,"FIX-943-05",2019-04-01,13.9277200643468,14.0627840687465,63.4106612658578,0.383458975443205,3.28119603283518,73.0876536858268,1010.57145062261,9556.73411908731,6.36441098142122,9.57271879922377,5191.36870367975,0.568,"PM2.5-1HR"
943,"FIX-943-05",2019-04-02,15.9671813860974,16.4763521849393,60.037529009409,2.49112522851808,2.88200358720591,263.721685811179,1010.09035924588,9541.61343887125,7.10255430951155,9.04485089487572,5170.10079989258,0.568,"PM2.5-1HR"
943,"FIX-943-05",2019-04-03,14.8292703779978,17.9576255823417,64.9256487636843,1.42742665454237,2.98910559524588,196.364983839914,1009.93897321001,9473.86660595739,6.11606045281744,9.45120499384088,5192.91397330676,0.568,"PM2.5-1HR"
943,"FIX-943-05",2019-04-04,15.2952851492451,15.8156868175953,66.4716999026886,1.21916413420798,2.93982455360349,355.018221943406,1013.60505953475,9500.15327724155,6.16970332487615,9.43412642993562,5165.87738614129,0.568,"PM2.5-1HR"
943,"FIX-943-05",2019-04-05,13.6162483697532,15.3610016402173,60.4385499216671,0,4.0062289769244,51.7761668881867,1011.36741128996,9427.55602970816,6.13412534042405,9.64999176503022,5210.54179278761,0.568,"PM2.5-1HR"
943,"FIX-943-05",2019-04-06,14.4764870381841,17.0045795829076,63.4087006303049,0,3.4326892850835,283.327615233604,1014.11582996083,9528.51989297654,6.32673201086069,9.61956647965163,5197.45010115204,0.568,"PM2.5-1HR"
943,"FIX-943-05",2019-04-07,15.2332560654442,16.5426972808697,66.0348508987248,0.0865019891750736,3.18435563327823,329.71398974373,1009.96343260132,9526.46092356591,5.69858948565841,10.0064109547776,5218.85002556719,0.568,"PM2.5-1HR"
943,"FIX-943-05",2019-04-08,15.21787551565,16.6795760850415,57.8667577534693,0.168513800798064,3.01462042508561,314.43040475389,1009.50376543151,9508.50445677184,5.95887128067106,9.81904542233254,5191.95380857674,0.568,"PM2.5-1HR"
943,"FIX-943-05",2019-04-09,14.6985832924598,17.1990785154963,65.9506794268439,0,3.36746317613008,147.547730605118,1009.12950236654,9456.21117013288,5.66769943714327,9.4799414341129,5199.61477236289,0.568,"PM2.5-1HR"
943,"FIX-943-05",2019-04-10,15.4679829360698,16.8060817073087,56.2545232900673,1.99186375803935,4.07087092853589,247.499512372538,1011.3071238352,9441.33989090536,5.75648712423391,9.19142929729532,5194.71870202008,0.568,"PM2.5-1HR"
943,"FIX-943-05",2019-04-11,15.1751068367797,13.7768581255183,65.5632164856684,2.33647495595171,2.40391762188053,346.967450817814,1010.37222629461,9583.0270655717,6.56860276113466,9.4649380175322,5186.38343195429,0.568,"PM2.5-1HR"
943,"FIX-943-05",2019-04-12,14.345551431023,16.883363003877,63.1771623912453,0.100798401294032,3.80522490714352,341.305714830291,1008.38132101051,9487.77122449465,5.89072153221469,9.54655225399202,5219.67914446767,0.568,"PM2.5-1HR"
943,"FIX-943-05",2019-04-13,14.422586130757,18.2780849471889,69.6336185183069,2.23096069054223,2.93150263800903,162.727146291872,1016.46049538023,9486.35714740313,6.07838572465495,10.276386622207,5205.09097579804,0.568,"PM2.5-1HR"
999,"FIX-999-01",2019-03-25,17.6048404033625,15.4899667972992,62.9881898596656,0.593577697170549,2.42522679760616,278.936991740949,1015.86891541809,10405.7943604213,6.36481855374607,8.91645442922592,3117.0046431948,1.037,"PM2.5-1HR"
999,"FIX-999-01",2019-03-26,17.7827796697611,15.7897974732989,63.9945549881258,0.975539469561189,1.98233931560562,279.201918706764,1012.81476652435,10462.8317605645,6.20447096587667,8.51473278188494,3105.90660417908,1.037,"PM2.5-1HR"
999,"FIX-999-01",2019-03-27,16.9932553890023,16.0607646994373,67.3919652167722,2.24731910283743,3.92865230323214,3.95982188405469,1007.09226869252,10413.1234854198,6.51074026952865,9.32900010852439,3101.22468228892,1.037,"PM2.5-1HR"
999,"FIX-999-01",2019-03-28,19.1099296123634,16.4572821403147,63.8879958669134,1.25222197581335,1.92225073563433,170.569922517752,1009.50637364153,10307.5852116595,6.09749680910686,8.97690582627621,3098.56663645988,1.037,"PM2.5-1HR"
999,"FIX-999-01",2019-03-29,16.8739691025183,14.852118678764,63.1446873734112,1.20547239136054,3.57939274539811,200.707228558837,1009.3293915834,10382.2632772637,5.60605893871601,9.2032035879214,3077.03012681051,1.037,"PM2.5-1HR"
999,"FIX-999-01",2019-03-30,17.8561539976721,17.0288369835538,65.0910515006801,0.960973325806056,2.72737192319791,318.421057324624,1008.78980919991,10373.4615694663,6.40378269191066,9.04592774840395,3053.48554947434,1.037,"PM2.5-1HR"
999,"FIX-999-01",2019-03-31,18.0515843401739,15.6665191055999,63.9679705975861,0.276671434178179,2.27581703344034,336.504915794358,1012.45157786453,10466.9322071031,6.22478153934487,9.07085243075643,3115.47630492704,1.037,"PM2.5-1HR"
999,"FIX-999-01",2019-04-01,17.549884473672,16.1173905007732,64.4809084636392,2.20569099892647,3.20860909339928,143.884978676913,1009.06401847702,10399.2025017608,6.40539256934527,9.32602639741288,3103.14067250171,1.037,"PM2.5-1HR"
999,"FIX-999-01",2019-04-02,17.8232635516111,16.5885804386411,66.0556196489342,1.38852949130683,3.55093998770233,287.423236693023,1009.77831883081,10425.7055303865,6.75315562000542,9.60227879822977,3091.55898647663,1.037,"PM2.5-1HR"
999,"FIX-999-01",2019-04-03,18.1847009957676,17.0172939741344,62.7953790112724,1.44938098669049,2.97233533520481,308.981666885316,1014.29590337179,10431.0457254095,6.3800026674337,9.31467766547729,3108.26011702924,1.037,"PM2.5-1HR"
999,"FIX-999-01",2019-04-04,16.9797021176821,17.2157533664766,59.1571320210426,1.16908625920575,3.59916238952074,210.384244621033,1014.96743398353,10399.8219485345,6.4446257735721,9.51625479087419,3099.79023313693,1.037,"PM2.5-1HR"
999,"FIX-999-01",2019-04-05,17.4059886861347,16.8094316726757,65.3328501591433,0.667282249456523,2.65645771458414,325.180586726405,1015.00808422976,10402.7076172587,6.73440507608646,9.48809394935203,3077.03321880647,1.037,"PM2.5-1HR"
999,"FIX-999-01",2019-04-06,17.7044144942248,17.2741539024738,59.6283219830874,0.942991709404856,2.71717354611949,208.040663742693,1019.09265351578,10453.9236867068,5.4945517551046,9.38552469930879,3096.51436920821,1.037,"PM2.5-1HR"
999,"FIX-999-01",2019-04-07,17.4541306030821,15.4440154046333,56.9647772492485,0.860160321906718,3.55362326242009,46.4664360482711,1012.70508136377,10447.6936818838,5.89291106045317,9.20272393877443,3100.57878118157,1.037,"PM2.5-1HR"
999,"FIX-999-01",2019-04-08,17.8804410304886,18.4301086903414,62.9053908805292,1.5706358932583,2.55899480527123,264.683172198245,1012.52696985557,10388.9115290315,6.00915357075102,10.0707044641084,3081.92292936707,1.037,"PM2.5-1HR"
999,"FIX-999-01",2019-04-09,17.3538141285262,15.9772246172564,63.5453171375201,0.0889762020965656,3.01530740200126,152.108551902464,1009.23227159581,10319.9558354194,5.91673006697009,9.29672846228222,3122.16149933322,1.037,"PM2.5-1HR"
999,"FIX-999-01",2019-04-10,17.2634624119746,16.7682208321394,62.8053037123878,0.915905125808423,2.31250019237731,237.628215398639,1008.37510536143,10461.0519741335,5.55922966779173,10.1122193615485,3059.48717413675,1.037,"PM2.5-1HR"
999,"FIX-999-01",2019-04-11,16.3171673060438,16.0360272270345,56.6179321798131,1.3294081402685,2.9273103653818,288.676204295363,1010.99452371163,10409.8731513355,5.86114590482918,9.76723566995299,3124.88820540732,1.037,"PM2.5-1HR"
999,"FIX-999-01",2019-04-12,17.0781746172382,16.9780196761722,61.6380394320854,2.91189025089696,2.2856446352703,292.596474108519,1017.24683493065,10400.5577091562,5.43637417066316,10.3007902331097,3140.35341137965,1.037,"PM2.5-1HR"
999,"FIX-999-01",2019-04-13,16.9260120296297,16.559407257461,63.878908488224,1.33104316588924,2.09092699160491,15.6127424344886,1015.98126236924,10453.6624382537,5.64513014238489,9.58466480802299,3089.41352766902,1.037,"PM2.5-1HR"
999,"FIX-999-02",2019-03-25,18.7357440763886,15.1081066233394,62.2030494490106,2.08525514526948,2.74440024523787,38.8833511157427,1015.69285091832,11307.9676600704,6.22041743152969,9.04982333515354,3130.67885164147,2.672,"PM2.5-1HR"
999,"FIX-999-02",2019-03-26,19.5903139489552,18.1886466998909,64.565253169492,1.12213855446723,3.46458617049032,94.927536086645,1011.39470083829,11268.7053792449,6.06766093677017,8.49445399829424,3106.05678240612,2.672,"PM2.5-1HR"
999,"FIX-999-02",2019-03-27,18.9277717875153,16.2267195043096,59.4208734838632,1.20376482368818,1.98872659592829,109.311454458628,1018.17828831968,11343.7811630766,6.3587283707368,8.97781393281863,3077.20866488611,2.672,"PM2.5-1HR"
999,"FIX-999-02",2019-03-28,18.6256432685825,15.5693411784878,64.8564094963926,1.53249660999543,3.11889476169811,226.408327456098,1014.94444782457,11326.3105934436,6.04752890987723,9.53065593146371,3140.29817906398,2.672,"PM2.5-1HR"
999,"FIX-999-02",2019-03-29,18.0962395609075,17.6064173798252,66.1249758488822,0,4.1423775878971,248.374304739991,1012.44163322973,11290.7775495652,5.96331956930316,9.31698019566014,3104.6738258475,2.672,"PM2.5-1HR"
999,"FIX-999-02",2019-03-30,17.6850769464932,15.2432113548374,64.6688098575003,0,4.42909169599813,102.726552177919,1011.97499298025,11323.5321684232,6.12426024009394,10.1199218818726,3111.28015907723,2.672,"PM2.5-1HR"
999,"FIX-999-02",2019-03-31,17.5767774103081,18.3894859982917,66.2789728879023,0.912319602592368,4.75401687953123,244.575809573522,1011.02105837832,11332.5731052888,6.37606251920764,9.31694416016154,3086.04544258027,2.672,"PM2.5-1HR"
999,"FIX-999-02",2019-04-01,18.4141133956365,16.1103202506662,66.2604421899956,1.58864718921064,2.8333393991718,195.757914396701,1010.77273662613,11283.8277564619,6.41756992142582,9.42401748573039,3084.3443925606,2.672,"PM2.5-1HR"
999,"FIX-999-02",2019-04-02,18.8127585109419,17.3594318094543,64.1418956555926,1.0068928528077,2.59606421016189,152.662012834102,1013.64289253556,11319.4767343666,5.7530017011798,9.45772486050974,3107.45913797428,2.672,"PM2.5-1HR"
999,"FIX-999-02",2019-04-03,18.478112445517,16.391440307626,65.2567822195909,3.22885438464964,3.18185425212671,186.596386138583,1012.05186204409,11309.1752384899,6.14356527827306,9.71286751668073,3110.31821666352,2.672,"PM2.5-1HR"
999,"FIX-999-02",2019-04-04,20.0605815724638,17.2962004824441,61.5439061434572,0,2.80531826757067,259.216271716869,1011.98999549101,11300.9751360438,6.97437546633179,9.31164195007313,3117.33076703178,2.672,"PM2.5-1HR"
999,"FIX-999-02",2019-04-05,18.8040527713613,18.6401504518904,56.8657944650304,0,3.74401214306318,197.263175830012,1015.38442623314,11269.1788676133,6.04694128971734,9.72532053152405,3089.1871244173,2.672,"PM2.5-1HR"
999,"FIX-999-02",2019-04-06,19.6946460809389,16.8869096421478,62.5912876079853,0,2.71379738006849,156.45107596647,1014.33353832394,11264.1919881558,6.67116063838049,9.68562803885011,3123.2523876105,2.672,"PM2.5-1HR"
999,"FIX-999-02",2019-04-07,18.3550603089257,18.000701774641,63.647383189496,0,2.00489915950671,289.467683537863,1013.77960071018,11269.1113496895,5.71693035857215,9.76476301318221,3099.54591367147,2.672,"PM2.5-1HR"
999,"FIX-999-02",2019-04-08,19.0334230928793,16.5500462380065,55.3508307744661,3.98844261033169,1.42247523602647,193.518963548588,1011.72404364821,11321.338915288,6.01618228819011,9.54482317804748,3098.18448460294,2.672,"PM2.5-1HR"
999,"FIX-999-02",2019-04-09,18.2985375482606,18.0404119879152,64.9454001311392,1.22336585434564,2.32862254216253,103.643782429863,1013.87199917852,11420.7629087885,5.6419175566286,9.76565954206403,3096.05232356348,2.672,"PM2.5-1HR"
999,"FIX-999-02",2019-04-10,18.1821693678751,17.2046576180182,58.8703861385614,0.959583070312451,1.86119169502783,11.9749343004078,1014.15959702402,11232.1053398373,5.93660281225678,9.38157408794398,3090.84322330543,2.672,"PM2.5-1HR"
999,"FIX-999-02",2019-04-11,17.2690174273779,18.0863046500804,65.6789567679582,0.710473646045438,3.62552867871732,185.744965726743,1011.42049290376,11318.4742392726,5.65868385530666,9.71798623416022,3073.83269227818,2.672,"PM2.5-1HR"
999,"FIX-999-02",2019-04-12,18.1386093488681,18.382551453409,58.4901985127097,1.9454829835943,4.09968306793422,350.037767156959,1014.16525994199,11308.5699806419,6.14858132779776,9.69155752446208,3083.25227376914,2.672,"PM2.5-1HR"
999,"FIX-999-02",2019-04-13,18.1508831960102,17.8407600556812,64.4274342851379,3.06605555254126,3.55329922069884,321.970903352834,1011.05640553783,11246.9119643111,5.60777366703635,10.153489466804,3095.47392118449,2.672,"PM2.5-1HR"
999,"FIX-999-03",2019-03-25,20.220407556299,17.0430127525937,57.9581237736916,2.72669598321721,3.15505950877118,173.717531017028,1012.37961518254,12219.232699038,6.2787494229602,9.21312115831047,3079.9493887737,2.861,"PM2.5-1HR"
999,"FIX-999-03",2019-03-26,19.0379081776527,15.6704114829096,61.0487578361754,1.63240714975115,3.43610473936864,72.6218643980101,1011.61198909168,12240.4857506546,6.02760234523394,8.69005365152234,3092.99921757041,2.861,"PM2.5-1HR"
999,"FIX-999-03",2019-03-27,19.5622258630634,16.7879067666022,62.3995739920893,1.11444560893691,2.78402366322203,180.838084183168,1014.89379760241,12241.6323749508,6.03301634038637,9.30745914580874,3097.68558421568,2.861,"PM2.5-1HR"
999,"FIX-999-03",2019-03-28,19.1416397123056,16.3399989847297,62.391183833839,0.926714031464891,2.77495568788925,329.209463601233,1011.38995985083,12223.3290875504,6.43340763475563,9.84489220586742,3115.20270904808,2.861,"PM2.5-1HR"
999,"FIX-999-03",2019-03-29,19.312121525142,18.2696746354843,56.8801843337235,0.427898647301565,3.07227457145959,298.731409384171,1015.17312672222,12278.4652414529,6.24270165099191,8.95013372970739,3096.24895652503,2.861,"PM2.5-1HR"
999,"FIX-999-03",2019-03-30,18.7035982802433,16.4629572976221,65.9126233250558,1.33745256222412,3.07898757625635,223.798014233587,1016.36431481749,12212.4835369069,5.88179139231432,8.93951153174841,3109.99077233356,2.861,"PM2.5-1HR"
999,"FIX-999-03",2019-03-31,19.3897016377835,19.1900395867659,63.8697949394641,2.65008676610843,3.79960791006112,245.663011278724,1011.68986980906,12201.1415599482,6.67143691418484,9.44878791838617,3111.48932738693,2.861,"PM2.5-1HR"
999,"FIX-999-03",2019-04-01,20.6069720409847,18.0385846029825,68.3489840140129,0.264759276688086,3.0622144476316,178.510514241643,1009.36002691558,12252.2373142165,6.28134767631671,9.41107599474877,3109.06951191672,2.861,"PM2.5-1HR"
999,"FIX-999-03",2019-04-02,19.9518541499333,17.6840951029069,66.7743765636414,2.90711584894708,3.24196705691114,240.420322506689,1016.61782411202,12246.5405802849,6.96288053301841,9.93893035854189,3086.83316267472,2.861,"PM2.5-1HR"
999,"FIX-999-03",2019-04-03,19.5683869556273,17.2535684414841,63.981837202028,0.625906325539526,2.19908087153939,181.732117843349,1012.96834950968,12226.7658710219,5.47237777705626,8.96232361998106,3092.41041556284,2.861,"PM2.5-1HR"
999,"FIX-999-03",2019-04-04,19.0355998583163,16.0367226477896,65.3014720270701,2.2648081539029,2.61136910422567,245.606463374803,1012.51465469724,12151.1219075113,6.54855285895573,9.93792245720399,3120.10452814209,2.861,"PM2.5-1HR"
999,"FIX-999-03",2019-04-05,18.2669100307934,16.7476730387321,60.8021683182374,2.76359358239947,3.60143439108382,241.138840775238,1011.60517779439,12164.157069199,6.08838885519832,10.3760124469434,3096.52733888742,2.861,"PM2.5-1HR"
999,"FIX-999-03",2019-04-06,19.4404880114615,17.9742909200646,60.591383432031,1.5057917215866,3.54272706961376,96.4921171423048,1013.75071615166,12188.0473944777,5.99694937104307,9.37919816610717,3114.74101117976,2.861,"PM2.5-1HR"
999,"FIX-999-03",2019-04-07,18.6041012317463,17.0963242932479,60.6773129097686,0.326822550989399,3.59391552776021,120.481606354704,1014.25496361485,12197.0832542138,6.35723706867504,9.98369870872591,3090.61055555268,2.861,"PM2.5-1HR"
999,"FIX-999-03",2019-04-08,18.6250403451517,18.4906722798392,60.8330699810662,0.754392074240908,2.54120933064544,171.767686115112,1007.61803783071,12252.2744257561,5.22978761299027,9.68567824388714,3105.31405339948,2.861,"PM2.5-1HR"
999,"FIX-999-03",2019-04-09,18.4046983791025,18.4450676365734,60.7302243421594,1.33259793693585,3.61278906061515,206.428185871337,1017.45104039071,12153.1707143637,5.76649514586477,9.66584864453101,3117.42625493065,2.861,"PM2.5-1HR"
999,"FIX-999-03",2019-04-10,17.7894358500683,17.2463043812082,66.2070457681046,1.23819396208872,2.87667213893376,181.413522183895,1012.83869976088,12182.9676913129,6.10901047383251,9.98854460145285,3090.78242606011,2.861,"PM2.5-1HR"
999,"FIX-999-03",2019-04-11,18.5815592493341,18.2941254514419,58.109564897742,2.37204331203884,2.90096543874651,69.9383047546726,1018.17403004979,12327.6546652965,6.16372616984164,10.4886477486104,3092.78838789698,2.861,"PM2.5-1HR"
999,"FIX-999-03",2019-04-12,17.5698259856454,18.220284315248,62.0104158408458,1.67645509836791,3.77607901518113,181.343214570312,1012.90905896199,12194.2005496338,6.48209396718139,9.78187352665742,3082.88609466646,2.861,"PM2.5-1HR"
999,"FIX-999-03",2019-04-13,18.7910037027042,18.9175889999062,65.8695721893961,0.546241670472488,3.05335073472995,96.0167813072912,1010.91224719873,12252.9121522782,5.69104785589477,10.2363242070761,3092.03846035474,2.861,"PM2.5-1HR"
999,"FIX-999-04",2019-03-25,20.8478447120573,16.9803982117107,58.9004533402906,1.19771587878713,2.58441787678326,45.6158627825789,1011.39730623043,13138.6042180295,6.04309181915086,8.73065378075693,3106.39050260414,0.861,"PM2.5-1HR"
999,"FIX-999-04",2019-03-26,20.6386528859376,16.5300828775965,61.4522787279895,1.71029167438235,1.94072617336661,214.755344048841,1008.6718794503,13146.2343302039,5.78952540849384,9.32698058624819,3096.81016900762,0.861,"PM2.5-1HR"
999,"FIX-999-04",2019-03-27,21.2445825804464,18.2437784706219,66.0396205820053,0.687009752506941,2.75303433985301,263.956165416632,1012.5577726096,13160.8033846867,6.10968047656288,9.0687625348932,3106.86538748091,0.861,"PM2.5-1HR"
999,"FIX-999-04",2019-03-28,20.5791115919961,16.6806554820488,66.5992286786994,1.16319755316316,3.05035579169613,37.8541276415344,1015.51478024654,13081.6672033786,6.46383755331987,9.48232566545982,3117.63525743537,0.861,"PM2.5-1HR"
999,"FIX-999-04",2019-03-29,21.1850055901908,18.6039741982482,64.3637176336249,0.8706902487706,4.06939080905787,41.1372447526082,1012.49400576194,13010.3720243006,6.81201121684133,9.37232880056303,3104.54224457553,0.861,"PM2.5-1HR"
999,"FIX-999-04",2019-03-30,18.9544993747362,17.4885496681065,65.7718033882131,1.06250804219387,3.91491583885186,299.448562857229,1014.82450889889,13100.1627298839,6.01021180639621,9.94660883552288,3111.12753010945,0.861,"PM2.5-1HR"
999,"FIX-999-04",2019-03-31,20.6059920437608,18.2463811631226,64.9543978942078,1.58349004790013,2.78902949903502,299.379331415985,1010.92255105689,13129.3539752039,6.61875841012935,9.19420934713717,3095.83651685537,0.861,"PM2.5-1HR"
999,"FIX-999-04",2019-04-01,20.5436941346157,18.2025343190195,66.7651090240242,1.02902397946629,2.77854109000113,190.915869917022,1014.79108792451,13096.4261608481,6.08538608695513,9.76697949893359,3099.05522027695,0.861,"PM2.5-1HR"
999,"FIX-999-04",2019-04-02,20.2543186350874,18.8869747344008,66.7838148835141,0,2.8098068243567,263.675051815808,1008.99774558695,13165.5469978261,6.6400281391371,9.11995716841223,3063.38579393849,0.861,"PM2.5-1HR"
999,"FIX-999-04",2019-04-03,20.5172974931226,17.9346094874722,58.4742199956962,0,1.87786897679575,82.3982412163168,1012.3613277475,13079.7692988242,6.56423861100553,9.62789126341724,3114.02789705943,0.861,"PM2.5-1HR"
999,"FIX-999-04",2019-04-04,20.6982843321503,18.962332070609,61.2640316739872,1.48230450325582,3.66197977448117,18.9279360009823,1015.94527983046,13043.7509177739,6.63193472782613,9.41270873574056,3105.80644846114,0.861,"PM2.5-1HR"
999,"FIX-999-04",2019-04-05,20.0912620603877,19.6588094053554,62.0535939077694,1.48489540650966,2.91385773236066,4.95655205845833,1015.32875636016,13134.5017882562,6.15166233716516,10.0869202327337,3098.63484934394,0.861,"PM2.5-1HR"
999,"FIX-999-04",2019-04-06,20.8173513261255,18.5170343982652,57.7006630466726,3.77283622059502,1.87909157810558,219.812786741648,1013.76564954216,13125.0273888663,5.67536079091525,9.88511501282123,3144.03023843206,0.861,"PM2.5-1HR"
999,"FIX-999-04",2019-04-07,18.5436460796955,18.5797500467928,59.7633201973958,2.56809208521388,4.40771118719565,135.031131642871,1015.38237248853,13078.8085764392,5.48526935584463,9.6420972256401,3101.48316044993,0.861,"PM2.5-1HR"
999,"FIX-999-04",2019-04-08,20.0197504761768,17.6663000781537,59.3329358687844,0.582561111974655,1.83490109466274,114.957340078428,1015.76835445977,13089.5691457004,6.28592038998808,10.1207561165148,3085.44709080006,0.861,"PM2.5-1HR"
999,"FIX-999-04",2019-04-09,18.8522705799312,19.0851106895126,61.326773894663,0.348976197131087,3.58034788825142,342.24811656517,1009.80948458716,13041.3197026903,5.7461467224033,9.47804698803354,3124.6529109774,0.861,"PM2.5-1HR"
999,"FIX-999-04",2019-04-10,19.2010026443001,19.2309306751291,58.89364311045,1.21742562568539,5.00540581055841,67.5021058518905,1008.47612399428,13069.7230360492,6.11247181094649,10.0971647154225,3108.36813467403,0.861,"PM2.5-1HR"
999,"FIX-999-04",2019-04-11,19.3427540980688,18.7496436050962,64.489391840094,0.390007909257507,4.39367873351239,45.441559223691,1008.80580173857,13131.578045064,6.46544546924505,10.2308687258808,3113.61089522971,0.861,"PM2.5-1HR"
999,"FIX-999-04",2019-04-12,19.829936964275,19.9677968825352,63.5412226874165,1.84135816648501,2.92867822281148,358.821404456859,1010.75441789681,13145.9863097607,5.97457141038952,9.76560366720234,3079.79735355479,0.861,"PM2.5-1HR"
999,"FIX-999-04",2019-04-13,18.8556976717561,18.2283479575992,65.245826559906,0,4.44601958244371,163.467527367175,1011.23450543225,13063.1328062251,5.84169302251279,9.98044506733731,3119.61014041942,0.861,"PM2.5-1HR"
999,"FIX-999-05",2019-03-25,22.1609136833648,17.5048578132233,61.099392354343,1.9125113411226,1.66181851446613,97.7608725898899,1015.74457119946,14029.6485370168,5.65622261300002,8.51553848712376,3064.93284929799,1.587,"PM2.5-1HR"
999,"FIX-999-05",2019-03-26,21.244393674412,18.6089696592007,61.0672126712357,2.63516148690952,3.43214038380152,308.717460014625,1011.66419389118,14055.5122163229,6.27488618425158,9.17007269077092,3083.2335769239,1.587,"PM2.5-1HR"
999,"FIX-999-05",2019-03-27,20.9883546330277,18.7657363162024,59.2400399757629,1.02112357104043,2.78448742056153,122.010742347455,1015.98567316495,14043.7074951729,6.17154706443005,8.99947619002047,3084.83886880386,1.587,"PM2.5-1HR"
999,"FIX-999-05",2019-03-28,20.8565799090952,17.7838310388412,61.6382711807564,0,3.68355423594855,119.0312271195,1011.11578501712,14039.3700186625,6.38402137616044,8.99915151207861,3120.08208653202,1.587,"PM2.5-1HR"
999,"FIX-999-05",2019-03-29,20.6063654788468,19.0507272685149,58.477343592663,1.10099211014425,3.28349347994369,50.0109746870585,1012.55556629933,14017.912164699,6.52097591495287,8.79473312263201,3083.25653109869,1.587,"PM2.5-1HR"
999,"FIX-999-05",2019-03-30,21.2257004258453,17.4735526653513,65.4428012557519,2.02459621095802,3.12372541318614,41.8237753342837,1012.91328697285,13992.4209680565,6.38556885206024,9.24467299592837,3108.80852173501,1.587,"PM2.5-1HR"
999,"FIX-999-05",2019-03-31,21.0560656680933,18.5278330940622,68.298672942068,0.875890275821773,3.33648790337547,296.018438431434,1014.65837991734,14038.3034921006,6.83449770481663,8.86211131393975,3091.73693733909,1.587,"PM2.5-1HR"
999,"FIX-999-05",2019-04-01,20.9912191076701,18.3847373894036,64.8937806963361,1.00727195889445,2.85335174682789,39.919032961363,1013.73763966235,14002.2669821239,6.21801003838735,9.37186475828339,3087.34874691434,1.587,"PM2.5-1HR"
999,"FIX-999-05",2019-04-02,21.5345400081202,18.2211648481576,67.8181745698376,0.530427111353329,2.51208735274189,47.1894236709923,1011.31667940126,14022.5611269162,5.84602294331616,9.57847623490735,3063.20289468837,1.587,"PM2.5-1HR"
999,"FIX-999-05",2019-04-03,20.6764347628529,18.8391889958869,59.5890339987057,0.441043824158206,3.53572357656993,306.458674244583,1012.24101530125,14083.5130417371,5.89512167791655,9.24580652323167,3104.28183723591,1.587,"PM2.5-1HR"
999,"FIX-999-05",2019-04-04,21.7454050061137,20.6204366271323,64.2777153078719,0.294039316078708,3.47678703811511,166.728075200925,1012.22339909258,14019.9704761266,6.62628876150496,9.4750646918113,3089.64162046941,1.587,"PM2.5-1HR"
999,"FIX-999-05",2019-04-05,19.9552182896747,17.8105481094994,59.0955875260903,1.65368544855214,3.70474666073115,174.324097187724,1018.41154466444,14069.6053484979,6.19414482271459,9.53733495653298,3131.78331252277,1.587,"PM2.5-1HR"
999,"FIX-999-05",2019-04-06,20.1452526268341,18.7066860360182,58.2938406296715,1.62421309937537,3.56380774563752,357.662674445193,1013.48978317304,14002.094310705,6.04218810596668,9.51012502026212,3096.13751743419,1.587,"PM2.5-1HR"
999,"FIX-999-05",2019-04-07,21.1929792469851,19.7419004461739,62.1605081309202,1.70843118585805,2.87291931623702,60.2512823375873,1008.78213761852,14067.8320447279,6.30292641369901,9.62348602029953,3098.18261746358,1.587,"PM2.5-1HR"
999,"FIX-999-05",2019-04-08,20.1617681631762,18.5580933379632,65.6178676664385,0,3.39836022475186,132.419693684438,1010.9558034156,14031.9878236504,6.05782674492335,10.0449004226733,3090.61526901384,1.587,"PM2.5-1HR"
999,"FIX-999-05",2019-04-09,20.9939630308593,18.623743362706,57.7160315573304,2.33308753028552,2.80098925803764,102.427078533685,1016.78101176576,13937.6754956085,5.96999620860544,9.33957213151142,3124.21377264106,1.587,"PM2.5-1HR"
999,"FIX-999-05",2019-04-10,20.6557748236788,20.2112721176517,61.786937923409,2.31116367220826,3.31825291022726,347.646252350649,1009.56094055714,13984.2987635841,6.21390841335253,9.39653954178626,3117.40728976493,1.587,"PM2.5-1HR"
999,"FIX-999-05",2019-04-11,20.4029533791,20.4329410985,59.2959924998435,0,3.77115835782093,238.056058139307,1014.91017442424,13959.7619298745,5.66578562751657,9.70379689943663,3128.68854286253,1.587,"PM2.5-1HR"
999,"FIX-999-05",2019-04-12,19.9392712858724,17.4608555780655,59.5823809199225,1.49651747842915,2.54444832038325,232.899850242073,1013.52764473124,13990.0100624805,5.6141658606018,9.49542087776903,3101.79619050565,1.587,"PM2.5-1HR"
999,"FIX-999-05",2019-04-13,20.8413208022065,18.945911686947,59.7259126332078,2.05862402104818,3.02781815857482,92.1871559647843,1017.61399679196,14109.9558613188,5.62895940925002,10.0998777197259,3095.73309104706,1.587,"PM2.5-1HR"
